{"lr": 0.0001, "data_time": 0.002349257469177246, "loss": 0.4118850350379944, "decode.loss_dice": 0.20709918290376664, "decode.acc_seg": 98.74378204345703, "aux.loss_dice": 0.20478585064411164, "aux.acc_seg": 98.74378204345703, "time": 0.4328409910202026, "iter": 50, "memory": 4663, "step": 50}
{"lr": 0.0001, "data_time": 0.0024796009063720705, "loss": 0.44089711308479307, "decode.loss_dice": 0.22084988802671432, "decode.acc_seg": 99.86617279052734, "aux.loss_dice": 0.22004722505807878, "aux.acc_seg": 99.86617279052734, "time": 0.43831074237823486, "iter": 100, "memory": 4513, "step": 100}
{"aAcc": 1.4, "mIoU": 0.7, "mAcc": 50.0, "data_time": 0.009829849731631396, "time": 0.17943651307889116, "step": 100}
