{"base_lr": 0.0004998897476225205, "lr": 0.0004998897476225205, "data_time": 0.0030284881591796874, "loss": 4.45272126197815, "decode.loss_ce": 4.45272126197815, "decode.acc_seg": 7.284664154052734, "time": 0.29399073123931885, "iter": 50, "memory": 4388, "step": 50}
{"base_lr": 0.0004997772417148277, "lr": 0.0004997772417148277, "data_time": 0.0037664175033569336, "loss": 4.013200354576111, "decode.loss_ce": 4.013200354576111, "decode.acc_seg": 11.414867401123047, "time": 0.38536026477813723, "iter": 100, "memory": 4863, "step": 100}
{"base_lr": 0.000499664732289072, "lr": 0.000499664732289072, "data_time": 0.00323793888092041, "loss": 3.572381043434143, "decode.loss_ce": 3.572381043434143, "decode.acc_seg": 23.772735595703125, "time": 0.2319411039352417, "iter": 150, "memory": 4566, "step": 150}
{"base_lr": 0.0004995522193440423, "lr": 0.0004995522193440423, "data_time": 0.0032175302505493162, "loss": 3.8287539005279543, "decode.loss_ce": 3.8287539005279543, "decode.acc_seg": 5.501765727996826, "time": 0.2800455570220947, "iter": 200, "memory": 4274, "step": 200}
{"base_lr": 0.0004994397028785276, "lr": 0.0004994397028785276, "data_time": 0.0031869173049926757, "loss": 3.77304208278656, "decode.loss_ce": 3.77304208278656, "decode.acc_seg": 6.493245601654053, "time": 0.13865716457366944, "iter": 250, "memory": 3385, "step": 250}
{"base_lr": 0.000499327182891315, "lr": 0.000499327182891315, "data_time": 0.003069162368774414, "loss": 3.460927891731262, "decode.loss_ce": 3.460927891731262, "decode.acc_seg": 4.608867801292327e-11, "time": 0.23387360572814941, "iter": 300, "memory": 3530, "step": 300}
{"base_lr": 0.0004992146593811923, "lr": 0.0004992146593811923, "data_time": 0.0031982421875, "loss": 3.7557854413986207, "decode.loss_ce": 3.7557854413986207, "decode.acc_seg": 6.152102438594653e-11, "time": 0.13425178527832032, "iter": 350, "memory": 4546, "step": 350}
{"base_lr": 0.0004991021323469467, "lr": 0.0004991021323469467, "data_time": 0.0031727313995361327, "loss": 2.7150769889354707, "decode.loss_ce": 2.7150769889354707, "decode.acc_seg": 34.87464141845703, "time": 0.20208091735839845, "iter": 400, "memory": 3973, "step": 400}
{"base_lr": 0.000498989601787362, "lr": 0.000498989601787362, "data_time": 0.0032823562622070314, "loss": 3.381381940841675, "decode.loss_ce": 3.381381940841675, "decode.acc_seg": 24.942371368408203, "time": 0.13780455589294432, "iter": 450, "memory": 3914, "step": 450}
{"base_lr": 0.0004988770677012235, "lr": 0.0004988770677012235, "data_time": 0.0030266284942626954, "loss": 2.631919288635254, "decode.loss_ce": 2.631919288635254, "decode.acc_seg": 8.729912757873535, "time": 0.12657980918884276, "iter": 500, "memory": 4230, "step": 500}
{"base_lr": 0.0004987645300873156, "lr": 0.0004987645300873156, "data_time": 0.003142905235290527, "loss": 2.999310475587845, "decode.loss_ce": 2.999310475587845, "decode.acc_seg": 34.975887298583984, "time": 0.12870464324951172, "iter": 550, "memory": 4704, "step": 550}
{"base_lr": 0.000498651988944421, "lr": 0.000498651988944421, "data_time": 0.003059983253479004, "loss": 3.1665799975395204, "decode.loss_ce": 3.1665799975395204, "decode.acc_seg": 27.707029342651367, "time": 0.22579638957977294, "iter": 600, "memory": 3089, "step": 600}
{"base_lr": 0.0004985394442713226, "lr": 0.0004985394442713226, "data_time": 0.0030887365341186524, "loss": 3.353220558166504, "decode.loss_ce": 3.353220558166504, "decode.acc_seg": 13.4285888671875, "time": 0.2200173854827881, "iter": 650, "memory": 4867, "step": 650}
{"base_lr": 0.0004984268960668015, "lr": 0.0004984268960668015, "data_time": 0.00354461669921875, "loss": 3.0882886052131653, "decode.loss_ce": 3.0882886052131653, "decode.acc_seg": 17.930526733398438, "time": 0.13753821849822997, "iter": 700, "memory": 3188, "step": 700}
{"base_lr": 0.0004983143443296383, "lr": 0.0004983143443296383, "data_time": 0.0030714750289916994, "loss": 3.2588269472122193, "decode.loss_ce": 3.2588269472122193, "decode.acc_seg": 18.665136337280273, "time": 0.13203952312469483, "iter": 750, "memory": 2794, "step": 750}
{"base_lr": 0.0004982017890586134, "lr": 0.0004982017890586134, "data_time": 0.0029623985290527345, "loss": 3.087387502193451, "decode.loss_ce": 3.087387502193451, "decode.acc_seg": 6.503791255552116e-11, "time": 0.13993418216705322, "iter": 800, "memory": 3490, "step": 800}
{"base_lr": 0.0004980892302525051, "lr": 0.0004980892302525051, "data_time": 0.003107309341430664, "loss": 3.512622928619385, "decode.loss_ce": 3.512622928619385, "decode.acc_seg": 1.916863203048706, "time": 0.13713424205780028, "iter": 850, "memory": 2444, "step": 850}
{"base_lr": 0.0004979766679100923, "lr": 0.0004979766679100923, "data_time": 0.003064870834350586, "loss": 2.936114728450775, "decode.loss_ce": 2.936114728450775, "decode.acc_seg": 16.99968719482422, "time": 0.13480074405670167, "iter": 900, "memory": 3133, "step": 900}
{"base_lr": 0.0004978641020301524, "lr": 0.0004978641020301524, "data_time": 0.0034082889556884765, "loss": 3.2048937678337097, "decode.loss_ce": 3.2048937678337097, "decode.acc_seg": 19.94648551940918, "time": 0.19858956336975098, "iter": 950, "memory": 4072, "step": 950}
{"base_lr": 0.000497751532611462, "lr": 0.000497751532611462, "data_time": 0.0026501178741455077, "loss": 3.220363187789917, "decode.loss_ce": 3.220363187789917, "decode.acc_seg": 19.520099639892578, "time": 0.13820595741271974, "iter": 1000, "memory": 1348, "step": 1000}
{"base_lr": 0.0004976389596527969, "lr": 0.0004976389596527969, "data_time": 0.0022105932235717773, "loss": 3.1271264791488647, "decode.loss_ce": 3.1271264791488647, "decode.acc_seg": 9.944372177124023, "time": 0.12202632427215576, "iter": 1050, "memory": 2823, "step": 1050}
{"base_lr": 0.0004975263831529326, "lr": 0.0004975263831529326, "data_time": 0.0024506330490112306, "loss": 3.4498306035995485, "decode.loss_ce": 3.4498306035995485, "decode.acc_seg": 23.96486473083496, "time": 0.139845609664917, "iter": 1100, "memory": 4863, "step": 1100}
{"base_lr": 0.000497413803110643, "lr": 0.000497413803110643, "data_time": 0.0024239540100097655, "loss": 2.9801936626434324, "decode.loss_ce": 2.9801936626434324, "decode.acc_seg": 10.95872688293457, "time": 0.2123110771179199, "iter": 1150, "memory": 3644, "step": 1150}
{"base_lr": 0.0004973012195247014, "lr": 0.0004973012195247014, "data_time": 0.0025359392166137695, "loss": 2.7567534685134887, "decode.loss_ce": 2.7567534685134887, "decode.acc_seg": 32.747398376464844, "time": 0.12291224002838134, "iter": 1200, "memory": 1348, "step": 1200}
{"base_lr": 0.0004971886323938809, "lr": 0.0004971886323938809, "data_time": 0.00229792594909668, "loss": 2.9290274351835253, "decode.loss_ce": 2.9290274351835253, "decode.acc_seg": 93.97975158691406, "time": 0.13108329772949218, "iter": 1250, "memory": 3724, "step": 1250}
{"base_lr": 0.0004970760417169532, "lr": 0.0004970760417169532, "data_time": 0.002485179901123047, "loss": 3.3727543115615846, "decode.loss_ce": 3.3727543115615846, "decode.acc_seg": 24.211389541625977, "time": 0.2305657148361206, "iter": 1300, "memory": 2990, "step": 1300}
{"base_lr": 0.0004969634474926891, "lr": 0.0004969634474926891, "data_time": 0.0025035619735717775, "loss": 3.418842387199402, "decode.loss_ce": 3.418842387199402, "decode.acc_seg": 42.81919479370117, "time": 0.11674656867980956, "iter": 1350, "memory": 3235, "step": 1350}
{"base_lr": 0.0004968508497198592, "lr": 0.0004968508497198592, "data_time": 0.0028346776962280273, "loss": 3.1164339065551756, "decode.loss_ce": 3.1164339065551756, "decode.acc_seg": 61.92761993408203, "time": 0.13306121826171874, "iter": 1400, "memory": 3757, "step": 1400}
{"base_lr": 0.0004967382483972327, "lr": 0.0004967382483972327, "data_time": 0.00218660831451416, "loss": 3.1250702142715454, "decode.loss_ce": 3.1250702142715454, "decode.acc_seg": 6.5502824783325195, "time": 0.21954083442687988, "iter": 1450, "memory": 3275, "step": 1450}
{"base_lr": 0.0004966256435235782, "lr": 0.0004966256435235782,