{"base_lr": 0.000999751932150666, "lr": 0.000999751932150666, "data_time": 0.003190898895263672, "loss": 3.7229580879211426, "decode.loss_ce": 3.7229580879211426, "decode.acc_seg": 15.395818710327148, "time": 0.25270400047302244, "iter": 50, "memory": 2853, "step": 50}
{"base_lr": 0.000999498793858351, "lr": 0.000999498793858351, "data_time": 0.0030720710754394533, "loss": 4.080747056007385, "decode.loss_ce": 4.080747056007385, "decode.acc_seg": 20.805906295776367, "time": 0.2520498037338257, "iter": 100, "memory": 2853, "step": 100}
{"base_lr": 0.0009992456476503946, "lr": 0.0009992456476503946, "data_time": 0.003113985061645508, "loss": 3.4275678396224976, "decode.loss_ce": 3.4275678396224976, "decode.acc_seg": 1.4851038454555265e-10, "time": 0.2546766996383667, "iter": 150, "memory": 2853, "step": 150}
