{"base_lr": 0.0004998897476225205, "lr": 0.0004998897476225205, "data_time": 0.0022023677825927734, "loss": 4.1913766980171205, "decode.loss_ce": 4.1913766980171205, "decode.acc_seg": 12.077131271362305, "time": 0.2733347415924072, "iter": 50, "memory": 4546, "step": 50}
{"base_lr": 0.0004997772417148277, "lr": 0.0004997772417148277, "data_time": 0.001210641860961914, "loss": 4.077920007705688, "decode.loss_ce": 4.077920007705688, "decode.acc_seg": 0.0344172865152359, "time": 0.17727282047271728, "iter": 100, "memory": 4863, "step": 100}
{"base_lr": 0.000499664732289072, "lr": 0.000499664732289072, "data_time": 0.0020561456680297852, "loss": 4.0583950757980345, "decode.loss_ce": 4.0583950757980345, "decode.acc_seg": 21.804813385009766, "time": 0.13893377780914307, "iter": 150, "memory": 4704, "step": 150}
{"base_lr": 0.0004995522193440423, "lr": 0.0004995522193440423, "data_time": 0.0012332677841186523, "loss": 3.466816282272339, "decode.loss_ce": 3.466816282272339, "decode.acc_seg": 44.92409133911133, "time": 0.0969770908355713, "iter": 200, "memory": 4274, "step": 200}
{"base_lr": 0.0004994397028785276, "lr": 0.0004994397028785276, "data_time": 0.0012057065963745118, "loss": 3.5927349805831907, "decode.loss_ce": 3.5927349805831907, "decode.acc_seg": 12.950438499450684, "time": 0.1857560396194458, "iter": 250, "memory": 4230, "step": 250}
{"base_lr": 0.000499327182891315, "lr": 0.000499327182891315, "data_time": 0.0012757539749145507, "loss": 3.20718777179718, "decode.loss_ce": 3.20718777179718, "decode.acc_seg": 39.885948181152344, "time": 0.20175130367279054, "iter": 300, "memory": 4701, "step": 300}
{"base_lr": 0.0004992146593811923, "lr": 0.0004992146593811923, "data_time": 0.0013408184051513672, "loss": 3.6881406545639037, "decode.loss_ce": 3.6881406545639037, "decode.acc_seg": 6.820868015289307, "time": 0.09359428882598878, "iter": 350, "memory": 3598, "step": 350}
{"base_lr": 0.0004991021323469467, "lr": 0.0004991021323469467, "data_time": 0.0011926889419555664, "loss": 3.3161368370056152, "decode.loss_ce": 3.3161368370056152, "decode.acc_seg": 14.452037811279297, "time": 0.088861083984375, "iter": 400, "memory": 4863, "step": 400}
{"base_lr": 0.000498989601787362, "lr": 0.000498989601787362, "data_time": 0.0012008190155029298, "loss": 3.3926170825958253, "decode.loss_ce": 3.3926170825958253, "decode.acc_seg": 43.985294342041016, "time": 0.0875171422958374, "iter": 450, "memory": 2661, "step": 450}
{"base_lr": 0.0004988770677012235, "lr": 0.0004988770677012235, "data_time": 0.0012543916702270508, "loss": 3.351192331314087, "decode.loss_ce": 3.351192331314087, "decode.acc_seg": 29.004661560058594, "time": 0.1472560167312622, "iter": 500, "memory": 3796, "step": 500}
{"base_lr": 0.0004987645300873156, "lr": 0.0004987645300873156, "data_time": 0.001242828369140625, "loss": 3.011267864704132, "decode.loss_ce": 3.011267864704132, "decode.acc_seg": 24.484153747558594, "time": 0.13911988735198974, "iter": 550, "memory": 2475, "step": 550}
{"base_lr": 0.000498651988944421, "lr": 0.000498651988944421, "data_time": 0.0021896839141845705, "loss": 2.730215346813202, "decode.loss_ce": 2.730215346813202, "decode.acc_seg": 46.9520263671875, "time": 0.09579119682312012, "iter": 600, "memory": 4566, "step": 600}
{"base_lr": 0.0004985394442713226, "lr": 0.0004985394442713226, "data_time": 0.0017339706420898438, "loss": 3.393517565727234, "decode.loss_ce": 3.393517565727234, "decode.acc_seg": 19.52642059326172, "time": 0.09283034801483155, "iter": 650, "memory": 2755, "step": 650}
{"base_lr": 0.0004984268960668015, "lr": 0.0004984268960668015, "data_time": 0.0011956453323364257, "loss": 3.6881482362747193, "decode.loss_ce": 3.6881482362747193, "decode.acc_seg": 5.162586677598391e-11, "time": 0.09434669017791748, "iter": 700, "memory": 2990, "step": 700}
{"base_lr": 0.0004983143443296383, "lr": 0.0004983143443296383, "data_time": 0.0012006759643554688, "loss": 3.2759629771113397, "decode.loss_ce": 3.2759629771113397, "decode.acc_seg": 14.462478637695312, "time": 0.09694232940673828, "iter": 750, "memory": 3442, "step": 750}
{"base_lr": 0.0004982017890586134, "lr": 0.0004982017890586134, "data_time": 0.0012940168380737305, "loss": 3.2780983448028564, "decode.loss_ce": 3.2780983448028564, "decode.acc_seg": 21.654911041259766, "time": 0.1679379940032959, "iter": 800, "memory": 3089, "step": 800}
{"base_lr": 0.0004980892302525051, "lr": 0.0004980892302525051, "data_time": 0.001265716552734375, "loss": 3.283044469356537, "decode.loss_ce": 3.283044469356537, "decode.acc_seg": 17.43243980407715, "time": 0.1687448501586914, "iter": 850, "memory": 3721, "step": 850}
{"base_lr": 0.0004979766679100923, "lr": 0.0004979766679100923, "data_time": 0.0012000560760498046, "loss": 2.8185030192136766, "decode.loss_ce": 2.8185030192136766, "decode.acc_seg": 3.9530870243886795e-10, "time": 0.10065500736236573, "iter": 900, "memory": 2403, "step": 900}
{"base_lr": 0.0004978641020301524, "lr": 0.0004978641020301524, "data_time": 0.0011798620223999023, "loss": 3.2393606185913084, "decode.loss_ce": 3.2393606185913084, "decode.acc_seg": 2.509464979171753, "time": 0.0942544937133789, "iter": 950, "memory": 2399, "step": 950}
{"base_lr": 0.000497751532611462, "lr": 0.000497751532611462, "data_time": 0.0011988401412963868, "loss": 2.9011195324361325, "decode.loss_ce": 2.9011195324361325, "decode.acc_seg": 4.046361923217773, "time": 0.1600896120071411, "iter": 1000, "memory": 2847, "step": 1000}
