{"base_lr": 0.000999751932150666, "lr": 0.000999751932150666, "data_time": 0.0031145811080932617, "loss": 2.5332708060741425, "decode.loss_ce": 2.5332708060741425, "decode.acc_seg": 1.8340455543164325e-10, "time": 0.3039957046508789, "iter": 50, "memory": 3483, "step": 50}
{"base_lr": 0.000999498793858351, "lr": 0.000999498793858351, "data_time": 0.002559471130371094, "loss": 2.845347321033478, "decode.loss_ce": 2.845347321033478, "decode.acc_seg": 2.7893106937408447, "time": 0.30311706066131594, "iter": 100, "memory": 3461, "step": 100}
{"base_lr": 0.0009992456476503946, "lr": 0.0009992456476503946, "data_time": 0.0024989843368530273, "loss": 2.9297819786705075, "decode.loss_ce": 2.9297819786705075, "decode.acc_seg": 37.64606857299805, "time": 0.3031442403793335, "iter": 150, "memory": 3461, "step": 150}
{"base_lr": 0.0009989924935240714, "lr": 0.0009989924935240714, "data_time": 0.0025536775588989257, "loss": 3.0590331494808196, "decode.loss_ce": 3.0590331494808196, "decode.acc_seg": 2.1675424575805664, "time": 0.30381145477294924, "iter": 200, "memory": 3461, "step": 200}
{"base_lr": 0.0009987393314766584, "lr": 0.0009987393314766584, "data_time": 0.002272152900695801, "loss": 3.144167721271515, "decode.loss_ce": 3.144167721271515, "decode.acc_seg": 10.896390914916992, "time": 0.3027106046676636, "iter": 250, "memory": 3461, "step": 250}
{"base_lr": 0.0009984861615054243, "lr": 0.0009984861615054243, "data_time": 0.002402663230895996, "loss": 3.4441657066345215, "decode.loss_ce": 3.4441657066345215, "decode.acc_seg": 8.27796745300293, "time": 0.3035400390625, "iter": 300, "memory": 3462, "step": 300}
{"base_lr": 0.0009982329836076425, "lr": 0.0009982329836076425, "data_time": 0.0037790536880493164, "loss": 2.8117830038070677, "decode.loss_ce": 2.8117830038070677, "decode.acc_seg": 0.20910422503948212, "time": 0.3057806968688965, "iter": 350, "memory": 3461, "step": 350}
{"base_lr": 0.0009979797977805835, "lr": 0.0009979797977805835, "data_time": 0.0032135725021362306, "loss": 2.853440058231354, "decode.loss_ce": 2.853440058231354, "decode.acc_seg": 6.854041576385498, "time": 0.3046614646911621, "iter": 400, "memory": 3461, "step": 400}
{"base_lr": 0.0009977266040215116, "lr": 0.0009977266040215116, "data_time": 0.0026142120361328123, "loss": 3.686876392364502, "decode.loss_ce": 3.686876392364502, "decode.acc_seg": 10.301319122314453, "time": 0.3036206245422363, "iter": 450, "memory": 3461, "step": 450}
{"base_lr": 0.0009974734023276948, "lr": 0.0009974734023276948, "data_time": 0.0034184694290161134, "loss": 3.0723346710205077, "decode.loss_ce": 3.0723346710205077, "decode.acc_seg": 30.309139251708984, "time": 0.3057074546813965, "iter": 500, "memory": 3461, "step": 500}
{"base_lr": 0.0009972201926963962, "lr": 0.0009972201926963962, "data_time": 0.003402042388916016, "loss": 2.794970464706421, "decode.loss_ce": 2.794970464706421, "decode.acc_seg": 35.072532653808594, "time": 0.3052361011505127, "iter": 550, "memory": 3461, "step": 550}
{"base_lr": 0.0009969669751248777, "lr": 0.0009969669751248777, "data_time": 0.0032175540924072265, "loss": 3.0093427777290342, "decode.loss_ce": 3.0093427777290342, "decode.acc_seg": 11.600561141967773, "time": 0.3042380094528198, "iter": 600, "memory": 3461, "step": 600}
{"base_lr": 0.0009967137496104002, "lr": 0.0009967137496104002, "data_time": 0.0031610965728759766, "loss": 2.412610411643982, "decode.loss_ce": 2.412610411643982, "decode.acc_seg": 70.01202392578125, "time": 0.30447068214416506, "iter": 650, "memory": 3461, "step": 650}
{"base_lr": 0.0009964605161502224, "lr": 0.0009964605161502224, "data_time": 0.003286933898925781, "loss": 3.3611539363861085, "decode.loss_ce": 3.3611539363861085, "decode.acc_seg": 1.6151862144470215, "time": 0.30447280406951904, "iter": 700, "memory": 3461, "step": 700}
{"base_lr": 0.0009962072747415987, "lr": 0.0009962072747415987, "data_time": 0.0031233310699462892, "loss": 2.4590829372406007, "decode.loss_ce": 2.4590829372406007, "decode.acc_seg": 93.33965301513672, "time": 0.30418570041656495, "iter": 750, "memory": 3461, "step": 750}
{"base_lr": 0.000995954025381786, "lr": 0.000995954025381786, "data_time": 0.003299307823181152, "loss": 2.6015910148620605, "decode.loss_ce": 2.6015910148620605, "decode.acc_seg": 1.8182402805599907e-10, "time": 0.30484671592712403, "iter": 800, "memory": 3461, "step": 800}
{"base_lr": 0.000995700768068036, "lr": 0.000995700768068036, "data_time": 0.003271055221557617, "loss": 2.879214310646057, "decode.loss_ce": 2.879214310646057, "decode.acc_seg": 23.856523513793945, "time": 0.3035817861557007, "iter": 850, "memory": 3461, "step": 850}
{"base_lr": 0.0009954475027976013, "lr": 0.0009954475027976013, "data_time": 0.003217172622680664, "loss": 3.0827163219451905, "decode.loss_ce": 3.0827163219451905, "decode.acc_seg": 46.733768463134766, "time": 0.3035733699798584, "iter": 900, "memory": 3462, "step": 900}
