{"aAcc": 80.57, "mIoU": 44.28, "mAcc": 55.66, "data_time": 0.0017525312900543214, "time": 0.3472173963785172}