{"lr": 0.0001, "data_time": 0.002069997787475586, "loss": 0.7938556492328643, "decode.loss_dice": 0.3969019830226898, "decode.acc_seg": 100.0, "aux.loss_dice": 0.39695365726947784, "aux.acc_seg": 100.0, "time": 0.4319798946380615, "iter": 50, "memory": 4663, "step": 50}
{"lr": 0.0001, "data_time": 0.0017141580581665039, "loss": 0.7941587626934051, "decode.loss_dice": 0.3970641762018204, "decode.acc_seg": 100.0, "aux.loss_dice": 0.39709457457065583, "aux.acc_seg": 100.0, "time": 0.4316070318222046, "iter": 100, "memory": 4513, "step": 100}
{"aAcc": 0.0, "mIoU": 0.0, "mAcc": 0.0, "data_time": 0.00804076155995935, "time": 0.14943976130911973, "step": 100}
