{"lr": 0.000999751932150666, "data_time": 0.0024617671966552734, "loss": 0.7763150990009308, "decode.loss_dice": 0.3886641561985016, "decode.acc_seg": 100.0, "aux.loss_dice": 0.38765094578266146, "aux.acc_seg": 100.0, "time": 0.4393851041793823, "iter": 50, "memory": 4663, "step": 50}
{"lr": 0.000999498793858351, "data_time": 0.0023771047592163084, "loss": 0.7934335172176361, "decode.loss_dice": 0.3967582643032074, "decode.acc_seg": 100.0, "aux.loss_dice": 0.39667526483535764, "aux.acc_seg": 100.0, "time": 0.4309656858444214, "iter": 100, "memory": 4511, "step": 100}
{"aAcc": 0.03, "mIoU": 0.02, "mAcc": 0.03, "data_time": 0.009899258613586426, "time": 0.15697718926561557, "step": 100}
