{"aAcc": 82.2, "mIoU": 46.68, "mAcc": 59.55, "data_time": 0.0012369877099990844, "time": 0.34336806476116183}