{"base_lr": 0.000999751932150666, "lr": 0.000999751932150666, "data_time": 0.012758684158325196, "loss": 2.5729538917541506, "decode.loss_ce": 2.5729538917541506, "decode.acc_seg": 44.50630569458008, "time": 1.6517581939697266, "iter": 50, "memory": 39248, "step": 50}
{"base_lr": 0.000999498793858351, "lr": 0.000999498793858351, "data_time": 0.012462878227233886, "loss": 1.905932867527008, "decode.loss_ce": 1.905932867527008, "decode.acc_seg": 50.25784683227539, "time": 1.6653870344161987, "iter": 100, "memory": 39248, "step": 100}
{"base_lr": 0.0009992456476503946, "lr": 0.0009992456476503946, "data_time": 0.011784100532531738, "loss": 1.9540046334266663, "decode.loss_ce": 1.9540046334266663, "decode.acc_seg": 61.31086349487305, "time": 1.6694300174713135, "iter": 150, "memory": 39248, "step": 150}
{"base_lr": 0.0009989924935240714, "lr": 0.0009989924935240714, "data_time": 0.011643290519714355, "loss": 1.6110134601593018, "decode.loss_ce": 1.6110134601593018, "decode.acc_seg": 54.55514144897461, "time": 1.6701148271560669, "iter": 200, "memory": 39248, "step": 200}
{"base_lr": 0.0009987393314766584, "lr": 0.0009987393314766584, "data_time": 0.011372065544128418, "loss": 1.4886152803897859, "decode.loss_ce": 1.4886152803897859, "decode.acc_seg": 57.585227966308594, "time": 1.6686356782913208, "iter": 250, "memory": 39248, "step": 250}
{"base_lr": 0.0009984861615054243, "lr": 0.0009984861615054243, "data_time": 0.012480759620666504, "loss": 1.5610671103000642, "decode.loss_ce": 1.5610671103000642, "decode.acc_seg": 74.15940856933594, "time": 1.6706549882888795, "iter": 300, "memory": 39247, "step": 300}
{"base_lr": 0.0009982329836076425, "lr": 0.0009982329836076425, "data_time": 0.012609577178955078, "loss": 1.3484291017055512, "decode.loss_ce": 1.3484291017055512, "decode.acc_seg": 62.531883239746094, "time": 1.6704996824264526, "iter": 350, "memory": 39248, "step": 350}
{"base_lr": 0.0009979797977805835, "lr": 0.0009979797977805835, "data_time": 0.012588810920715333, "loss": 1.2529409050941467, "decode.loss_ce": 1.2529409050941467, "decode.acc_seg": 53.367088317871094, "time": 1.6706535816192627, "iter": 400, "memory": 39249, "step": 400}
{"base_lr": 0.0009977266040215116, "lr": 0.0009977266040215116, "data_time": 0.012087559700012207, "loss": 1.2266363739967345, "decode.loss_ce": 1.2266363739967345, "decode.acc_seg": 69.75243377685547, "time": 1.6707390546798706, "iter": 450, "memory": 39248, "step": 450}
{"base_lr": 0.0009974734023276948, "lr": 0.0009974734023276948, "data_time": 0.012363910675048828, "loss": 1.3621836483478547, "decode.loss_ce": 1.3621836483478547, "decode.acc_seg": 71.0040283203125, "time": 1.6704394578933717, "iter": 500, "memory": 39248, "step": 500}
{"base_lr": 0.0009972201926963962, "lr": 0.0009972201926963962, "data_time": 0.012711596488952637, "loss": 1.2205444276332855, "decode.loss_ce": 1.2205444276332855, "decode.acc_seg": 62.421417236328125, "time": 1.6708343505859375, "iter": 550, "memory": 39248, "step": 550}
{"base_lr": 0.0009969669751248777, "lr": 0.0009969669751248777, "data_time": 0.01255049705505371, "loss": 1.1419716238975526, "decode.loss_ce": 1.1419716238975526, "decode.acc_seg": 43.6612663269043, "time": 1.6713460445404054, "iter": 600, "memory": 39248, "step": 600}
{"base_lr": 0.0009967137496104002, "lr": 0.0009967137496104002, "data_time": 0.01221156120300293, "loss": 1.1268700897693633, "decode.loss_ce": 1.1268700897693633, "decode.acc_seg": 61.565032958984375, "time": 1.6703114271163941, "iter": 650, "memory": 39249, "step": 650}
{"base_lr": 0.0009964605161502224, "lr": 0.0009964605161502224, "data_time": 0.01308140754699707, "loss": 0.9631836712360382, "decode.loss_ce": 0.9631836712360382, "decode.acc_seg": 73.92282104492188, "time": 1.669952130317688, "iter": 700, "memory": 39249, "step": 700}
{"base_lr": 0.0009962072747415987, "lr": 0.0009962072747415987, "data_time": 0.012435197830200195, "loss": 1.179908549785614, "decode.loss_ce": 1.179908549785614, "decode.acc_seg": 65.74694061279297, "time": 1.6698393106460572, "iter": 750, "memory": 39248, "step": 750}
{"base_lr": 0.000995954025381786, "lr": 0.000995954025381786, "data_time": 0.011577320098876954, "loss": 1.0318422496318818, "decode.loss_ce": 1.0318422496318818, "decode.acc_seg": 67.45954895019531, "time": 1.6695708990097047, "iter": 800, "memory": 39248, "step": 800}
{"base_lr": 0.000995700768068036, "lr": 0.000995700768068036, "data_time": 0.012438201904296875, "loss": 1.0431766390800477, "decode.loss_ce": 1.0431766390800477, "decode.acc_seg": 70.67051696777344, "time": 1.6697166919708253, "iter": 850, "memory": 39247, "step": 850}
{"base_lr": 0.0009954475027976013, "lr": 0.0009954475027976013, "data_time": 0.011861038208007813, "loss": 0.897920873761177, "decode.loss_ce": 0.897920873761177, "decode.acc_seg": 76.211669921875, "time": 1.6678531885147094, "iter": 900, "memory": 39248, "step": 900}
{"base_lr": 0.0009951942295677314, "lr": 0.0009951942295677314, "data_time": 0.012433409690856934, "loss": 1.3258806705474853, "decode.loss_ce": 1.3258806705474853, "decode.acc_seg": 65.4222183227539, "time": 1.669774842262268, "iter": 950, "memory": 39249, "step": 950}
{"base_lr": 0.0009949409483756718, "lr": 0.0009949409483756718, "data_time": 0.011793279647827148, "loss": 1.0093530416488647, "decode.loss_ce": 1.0093530416488647, "decode.acc_seg": 52.527679443359375, "time": 1.6684043645858764, "iter": 1000, "memory": 39249, "step": 1000}
{"base_lr": 0.0009946876592186707, "lr": 0.0009946876592186707, "data_time": 0.01188952922821045, "loss": 1.1015000939369202, "decode.loss_ce": 1.1015000939369202, "decode.acc_seg": 79.81402587890625, "time": 1.6688376665115356, "iter": 1050, "memory": 39248, "step": 1050}
{"base_lr": 0.0009944343620939698, "lr": 0.0009944343620939698, "data_time": 0.011391854286193848, "loss": 1.2175418317317963, "decode.loss_ce": 1.2175418317317963, "decode.acc_seg": 62.7520866394043, "time": 1.6690736532211303, "iter": 1100, "memory": 39247, "step": 1100}
{"base_lr": 0.0009941810569988122, "lr": 0.0009941810569988122, "data_time": 0.011571907997131347, "loss": 1.104427421092987, "decode.loss_ce": 1.104427421092987, "decode.acc_seg": 63.2159309387207, "time": 1.6690228462219239, "iter": 1150, "memory": 39248, "step": 1150}
{"base_lr": 0.0009939277439304389, "lr": 0.0009939277439304389, "data_time": 0.01153569221496582, "loss": 0.9996590971946716, "decode.loss_ce": 0.9996590971946716, "decode.acc_seg": 58.75578308105469, "time": 1.6695484876632691, "iter": 1200, "memory": 39248, "step": 1200}
{"base_lr": 0.0009936744228860879, "lr": 0.0009936744228860879, "data_time": 0.011414146423339844, "loss": 1.1517692983150483, "decode.loss_ce": 1.1517692983150483, "decode.acc_seg": 74.40428161621094, "time": 1.6688230991363526, "iter": 1250, "memory": 39248, "step": 1250}
{"base_lr": 0.0009934210938629948, "lr": 0.0009934210938629948, "data_time": 0.011613941192626953, "loss": 0.8331931859254837, "decode.loss_ce": 0.8331931859254837, "decode.acc_seg": 76.31101989746094, "time": 1.6685438871383667, "iter": 1300, "memory": 39248, "step": 1300}
{"base_lr": 0.000993167756858395, "lr": 0.000993167756858395, "data_time": 0.011349320411682129, "loss": 1.049480378627777, "decode.loss_ce": 1.049480378627777, "decode.acc_seg": 74.0928955078125, "time": 1.6684932470321656, "iter": 1350, "memory": 39248, "step": 1350}
{"base_lr": 0.0009929144118695213, "lr": 0.0009929144118695213, "data_time": 0.012813615798950195, "loss": 1.0130203664302826, "decode.loss_ce": 1.0130203664302826, "decode.acc_seg": 73.81980895996094, "time": 1.6705286741256713, "iter": 1400, "memory": 39247, "step": 1400}
{"base_lr": 0.0009926610588936059, "lr": 0.0009926610588936059, "data_time": 0.011475658416748047, "loss": 0.9203356683254242, "decode.loss_ce": 0.9203356683254242, "decode.acc_seg": 74.70291900634766, "time": 1.6689210891723634, "iter": 1450, "memory": 39248, "step": 1450}
{"base_lr": 0.000992407697927877, "lr": 0.000992407697927877,