{"base_lr": 0.0001, "lr": 0.0001, "data_time": 1.6647278308868407, "loss": 0.9557130336761475, "decode.loss_iou": 0.9557130336761475, "decode.acc_seg": 100.0, "time": 3.1805912733078, "iter": 50, "memory": 36001, "step": 50}
{"base_lr": 0.0001, "lr": 0.0001, "data_time": 1.4956106901168824, "loss": 0.9347388029098511, "decode.loss_iou": 0.9347388029098511, "decode.acc_seg": 100.0, "time": 3.0128384113311766, "iter": 100, "memory": 36001, "step": 100}
