{"aAcc": 82.32, "mIoU": 48.14, "mAcc": 60.29, "data_time": 0.0012872047424316406, "time": 0.34337170541286466}