{"base_lr": 0.0004998897476225205, "lr": 0.0004998897476225205, "data_time": 0.006204080581665039, "loss": 8.136964988708495, "decode.loss_ce": 3.6406113147735595, "decode.acc_seg": 1.295822262763977, "aux_0.loss_ce": 1.4890691936016083, "aux_0.acc_seg": 3.299311399459839, "aux_1.loss_ce": 1.50000319480896, "aux_1.acc_seg": 1.8676806688308716, "aux_2.loss_ce": 1.5072812020778656, "aux_2.acc_seg": 0.2672294080257416, "time": 0.5178673028945923, "iter": 50, "memory": 19981, "step": 50}
{"base_lr": 0.0004997772417148277, "lr": 0.0004997772417148277, "data_time": 0.006215929985046387, "loss": 7.508257579803467, "decode.loss_ce": 3.2649510383605955, "decode.acc_seg": 2.4241247177124023, "aux_0.loss_ce": 1.3937801599502564, "aux_0.acc_seg": 26.544593811035156, "aux_1.loss_ce": 1.4157716035842896, "aux_1.acc_seg": 9.938315391540527, "aux_2.loss_ce": 1.4337549090385437, "aux_2.acc_seg": 10.97555923461914, "time": 0.5208404779434204, "iter": 100, "memory": 14971, "step": 100}
{"base_lr": 0.000499664732289072, "lr": 0.000499664732289072, "data_time": 0.00611262321472168, "loss": 7.2246167182922365, "decode.loss_ce": 3.057773065567017, "decode.acc_seg": 11.285477638244629, "aux_0.loss_ce": 1.3689817547798158, "aux_0.acc_seg": 25.01030731201172, "aux_1.loss_ce": 1.3926999032497407, "aux_1.acc_seg": 15.385068893432617, "aux_2.loss_ce": 1.4051618814468383, "aux_2.acc_seg": 24.432863235473633, "time": 0.5226279020309448, "iter": 150, "memory": 14972, "step": 150}
{"base_lr": 0.0004995522193440423, "lr": 0.0004995522193440423, "data_time": 0.006116509437561035, "loss": 7.638367509841919, "decode.loss_ce": 3.29189453125, "decode.acc_seg": 32.539310455322266, "aux_0.loss_ce": 1.4367101430892943, "aux_0.acc_seg": 33.17454147338867, "aux_1.loss_ce": 1.4476416468620301, "aux_1.acc_seg": 28.817668914794922, "aux_2.loss_ce": 1.4621212363243103, "aux_2.acc_seg": 30.61778450012207, "time": 0.5219282865524292, "iter": 200, "memory": 14972, "step": 200}
{"base_lr": 0.0004994397028785276, "lr": 0.0004994397028785276, "data_time": 0.006062889099121093, "loss": 6.049023699760437, "decode.loss_ce": 2.642263412475586, "decode.acc_seg": 40.28718566894531, "aux_0.loss_ce": 1.1105288505554198, "aux_0.acc_seg": 33.998233795166016, "aux_1.loss_ce": 1.1506347417831422, "aux_1.acc_seg": 19.9145565032959, "aux_2.loss_ce": 1.145596557855606, "aux_2.acc_seg": 23.738216400146484, "time": 0.5209520101547241, "iter": 250, "memory": 14972, "step": 250}
{"base_lr": 0.000499327182891315, "lr": 0.000499327182891315, "data_time": 0.006194519996643067, "loss": 7.600541448593139, "decode.loss_ce": 3.420745348930359, "decode.acc_seg": 1.5083048343658447, "aux_0.loss_ce": 1.4060373902320862, "aux_0.acc_seg": 1.681802749633789, "aux_1.loss_ce": 1.3865645945072174, "aux_1.acc_seg": 1.7893812656402588, "aux_2.loss_ce": 1.387194073200226, "aux_2.acc_seg": 1.3443639278411865, "time": 0.5204594850540161, "iter": 300, "memory": 14972, "step": 300}
{"base_lr": 0.0004992146593811923, "lr": 0.0004992146593811923, "data_time": 0.006422162055969238, "loss": 7.553601360321045, "decode.loss_ce": 3.357933855056763, "decode.acc_seg": 16.599937438964844, "aux_0.loss_ce": 1.4055034637451171, "aux_0.acc_seg": 16.493236541748047, "aux_1.loss_ce": 1.3991688668727875, "aux_1.acc_seg": 16.061145782470703, "aux_2.loss_ce": 1.3909951031208039, "aux_2.acc_seg": 15.40938949584961, "time": 0.5200929641723633, "iter": 350, "memory": 14972, "step": 350}
{"base_lr": 0.0004991021323469467, "lr": 0.0004991021323469467, "data_time": 0.006221151351928711, "loss": 7.073098278045654, "decode.loss_ce": 3.120914936065674, "decode.acc_seg": 37.722572326660156, "aux_0.loss_ce": 1.3316012799739838, "aux_0.acc_seg": 30.197803497314453, "aux_1.loss_ce": 1.3131667375564575, "aux_1.acc_seg": 31.39978790283203, "aux_2.loss_ce": 1.3074151933193208, "aux_2.acc_seg": 36.023075103759766, "time": 0.5205779075622559, "iter": 400, "memory": 14972, "step": 400}
{"base_lr": 0.000498989601787362, "lr": 0.000498989601787362, "data_time": 0.006154990196228028, "loss": 5.796545076370239, "decode.loss_ce": 2.5595294713973997, "decode.acc_seg": 4.998510360717773, "aux_0.loss_ce": 1.088160663843155, "aux_0.acc_seg": 6.869919776916504, "aux_1.loss_ce": 1.0638009011745453, "aux_1.acc_seg": 9.877480506896973, "aux_2.loss_ce": 1.0850540041923522, "aux_2.acc_seg": 3.819394111633301, "time": 0.5200114488601685, "iter": 450, "memory": 14972, "step": 450}
{"base_lr": 0.0004988770677012235, "lr": 0.0004988770677012235, "data_time": 0.006261229515075684, "loss": 5.902469301223755, "decode.loss_ce": 2.6273616790771483, "decode.acc_seg": 25.92502784729004, "aux_0.loss_ce": 1.1047832489013671, "aux_0.acc_seg": 29.78464126586914, "aux_1.loss_ce": 1.0733059883117675, "aux_1.acc_seg": 30.551374435424805, "aux_2.loss_ce": 1.0970183849334716, "aux_2.acc_seg": 28.273271560668945, "time": 0.5203524827957153, "iter": 500, "memory": 14972, "step": 500}
{"base_lr": 0.0004987645300873156, "lr": 0.0004987645300873156, "data_time": 0.006162858009338379, "loss": 6.440718197822571, "decode.loss_ce": 2.861320638656616, "decode.acc_seg": 27.501014709472656, "aux_0.loss_ce": 1.2058794379234314, "aux_0.acc_seg": 27.207929611206055, "aux_1.loss_ce": 1.1940307438373565, "aux_1.acc_seg": 27.073854446411133, "aux_2.loss_ce": 1.1794874131679536, "aux_2.acc_seg": 26.957807540893555, "time": 0.5198417901992798, "iter": 550, "memory": 14972, "step": 550}
{"base_lr": 0.000498651988944421, "lr": 0.000498651988944421, "data_time": 0.006232690811157226, "loss": 5.510975813865661, "decode.loss_ce": 2.4413460731506347, "decode.acc_seg": 20.679784774780273, "aux_0.loss_ce": 1.0511629402637481, "aux_0.acc_seg": 5.941898822784424, "aux_1.loss_ce": 0.9977097451686859, "aux_1.acc_seg": 16.31526756286621, "aux_2.loss_ce": 1.0207570046186447, "aux_2.acc_seg": 11.235154151916504, "time": 0.5193452119827271, "iter": 600, "memory": 14972, "step": 600}
{"base_lr": 0.0004985394442713226, "lr": 0.0004985394442713226, "data_time": 0.006130886077880859, "loss": 5.469759154319763, "decode.loss_ce": 2.4445273876190186, "decode.acc_seg": 44.29787826538086, "aux_0.loss_ce": 1.0337301909923553, "aux_0.acc_seg": 42.54613494873047, "aux_1.loss_ce": 0.9758639633655548, "aux_1.acc_seg": 44.6798095703125, "aux_2.loss_ce": 1.0156376242637635, "aux_2.acc_seg": 44.859989166259766, "time": 0.51962251663208, "iter": 650, "memory": 14972, "step": 650}
{"base_lr": 0.0004984268960668015, "lr": 0.0004984268960668015, "data_time": 0.006125307083129883, "loss": 5.213844466209411, "decode.loss_ce": 2.3063777446746827, "decode.acc_seg": 35.73073959350586, "aux_0.loss_ce": 0.9954498648643494, "aux_0.acc_seg": 32.99123001098633, "aux_1.loss_ce": 0.9476873815059662, "aux_1.acc_seg": 35.83043670654297, "aux_2.loss_ce": 0.9643294870853424, "aux_2.acc_seg": 34.65732955932617, "time": 0.5183100223541259, "iter": 700, "memory": 14972, "step": 700}
{"base_lr": 0.0004983143443296383, "lr": 0.0004983143443296383, "data_time": 0.006238794326782227, "loss": 6.075694513320923, "decode.loss_ce": 2.6778351306915282, "decode.acc_seg": 57.790592193603516, "aux_0.loss_ce": 1.1767570972442627, "aux_0.acc_seg": 54.39706802368164, "aux_1.loss_ce": 1.1106622636318206, "aux_1.acc_seg": 55.01032638549805, "aux_2.loss_ce": 1.1104398965835571, "aux_2.acc_seg": 55.27748489379883, "time": 0.5185819387435913, "iter": 750, "memory": 14972, "step": 750}
{"base_lr": 0.0004982017890586134, "lr": 0.0004982017890586134, "data_time": 0.00617668628692627, "loss": 5.995169067382813, "decode.loss_ce": 2.6605745553970337, "decode.acc_seg": 41.869483947753906, "aux_0.loss_ce": 1.1580848217010498, "aux_0.acc_seg": 24.94866180419922, "aux_1.loss_ce": 1.087536871433258, "aux_1.acc_seg": 37.60388946533203, "aux_2.loss_ce": 1.0889728307723998, "aux_2.acc_seg": 28.059612274169922, "time": 0.5185879707336426, "iter": 800, "memory": 14972, "step": 800}
{"base_lr": 0.0004980892302525051, "lr": 0.0004980892302525051, "data_time": 0.006136703491210938, "loss": 4.832388854026794,