{"base_lr": 0.09997246446872429, "lr": 0.09997246446872429, "data_time": 0.008843064308166504, "loss": 0.7238624334335327, "decode.loss_ce": 0.6860578060150146, "decode.acc_seg": 53.221065521240234, "aux_0.loss_ce": 0.012628223421052099, "aux_0.acc_seg": 99.11737823486328, "aux_1.loss_ce": 0.012421447690576315, "aux_1.acc_seg": 99.11737823486328, "aux_2.loss_ce": 0.01275497074238956, "aux_2.acc_seg": 99.11737823486328, "time": 0.8981695890426635, "iter": 50, "memory": 23299, "step": 50}
{"base_lr": 0.09994436611827769, "lr": 0.09994436611827769, "data_time": 0.008797454833984374, "loss": 0.7320083767175675, "decode.loss_ce": 0.6885675013065338, "decode.acc_seg": 35.439144134521484, "aux_0.loss_ce": 0.014120909105986356, "aux_0.acc_seg": 99.22590637207031, "aux_1.loss_ce": 0.014370246697217226, "aux_1.acc_seg": 99.22590637207031, "aux_2.loss_ce": 0.014949728501960635, "aux_2.acc_seg": 99.22590637207031, "time": 0.9016227960586548, "iter": 100, "memory": 22588, "step": 100}
{"base_lr": 0.0999162668891948, "lr": 0.0999162668891948, "data_time": 0.0082474946975708, "loss": 0.7275996446609497, "decode.loss_ce": 0.6884665727615357, "decode.acc_seg": 98.68672943115234, "aux_0.loss_ce": 0.01304146102629602, "aux_0.acc_seg": 99.6504898071289, "aux_1.loss_ce": 0.013033822225406767, "aux_1.acc_seg": 99.6504898071289, "aux_2.loss_ce": 0.013057779567316175, "aux_2.acc_seg": 99.6504898071289, "time": 0.9041939973831177, "iter": 150, "memory": 22588, "step": 150}
{"base_lr": 0.09988816678117318, "lr": 0.09988816678117318, "data_time": 0.008073210716247559, "loss": 0.694907757639885, "decode.loss_ce": 0.6560876488685607, "decode.acc_seg": 44.69975662231445, "aux_0.loss_ce": 0.012968166219070553, "aux_0.acc_seg": 97.11265563964844, "aux_1.loss_ce": 0.01293146307580173, "aux_1.acc_seg": 97.11265563964844, "aux_2.loss_ce": 0.012920493632555008, "aux_2.acc_seg": 97.11265563964844, "time": 0.9043808460235596, "iter": 200, "memory": 22588, "step": 200}
{"base_lr": 0.09986006579391046, "lr": 0.09986006579391046, "data_time": 0.007993268966674804, "loss": 0.8901379644870758, "decode.loss_ce": 0.8575488448143005, "decode.acc_seg": 99.7011489868164, "aux_0.loss_ce": 0.010863144602626561, "aux_0.acc_seg": 99.7011489868164, "aux_1.loss_ce": 0.01088408804498613, "aux_1.acc_seg": 99.7011489868164, "aux_2.loss_ce": 0.010841897502541543, "aux_2.acc_seg": 99.7011489868164, "time": 0.9048286199569702, "iter": 250, "memory": 22588, "step": 250}
{"base_lr": 0.09983196392710386, "lr": 0.09983196392710386, "data_time": 0.007981514930725098, "loss": 0.7948745369911194, "decode.loss_ce": 0.7639946311712265, "decode.acc_seg": 98.351806640625, "aux_0.loss_ce": 0.010289784613996744, "aux_0.acc_seg": 98.351806640625, "aux_1.loss_ce": 0.010322300670668482, "aux_1.acc_seg": 98.351806640625, "aux_2.loss_ce": 0.01026781932450831, "aux_2.acc_seg": 98.351806640625, "time": 0.905190372467041, "iter": 300, "memory": 22588, "step": 300}
{"base_lr": 0.09980386118045041, "lr": 0.09980386118045041, "data_time": 0.007975554466247559, "loss": 0.6491973400115967, "decode.loss_ce": 0.6131150424480438, "decode.acc_seg": 52.74699783325195, "aux_0.loss_ce": 0.01201689513400197, "aux_0.acc_seg": 98.83496856689453, "aux_1.loss_ce": 0.01201714207418263, "aux_1.acc_seg": 98.83496856689453, "aux_2.loss_ce": 0.012048271903768181, "aux_2.acc_seg": 98.83496856689453, "time": 0.904047966003418, "iter": 350, "memory": 22588, "step": 350}
{"base_lr": 0.09977575755364718, "lr": 0.09977575755364718, "data_time": 0.008009195327758789, "loss": 0.9206986486911773, "decode.loss_ce": 0.8765606701374054, "decode.acc_seg": 97.47509002685547, "aux_0.loss_ce": 0.014701976021751762, "aux_0.acc_seg": 97.47509002685547, "aux_1.loss_ce": 0.014700776385143399, "aux_1.acc_seg": 97.47509002685547, "aux_2.loss_ce": 0.014735206309705973, "aux_2.acc_seg": 97.47509002685547, "time": 0.9051923036575318, "iter": 400, "memory": 22588, "step": 400}
{"base_lr": 0.09974765304639052, "lr": 0.09974765304639052, "data_time": 0.008008337020874024, "loss": 0.8831916868686676, "decode.loss_ce": 0.8497315108776092, "decode.acc_seg": 99.38948822021484, "aux_0.loss_ce": 0.011124718654900789, "aux_0.acc_seg": 99.38948822021484, "aux_1.loss_ce": 0.011167206102982163, "aux_1.acc_seg": 99.38948822021484, "aux_2.loss_ce": 0.011168221943080425, "aux_2.acc_seg": 99.38948822021484, "time": 0.9018495082855225, "iter": 450, "memory": 22588, "step": 450}
{"base_lr": 0.09971954765837718, "lr": 0.09971954765837718, "data_time": 0.007990455627441407, "loss": 1.1114636421203614, "decode.loss_ce": 1.0732160657644272, "decode.acc_seg": 99.37318420410156, "aux_0.loss_ce": 0.012812398001551628, "aux_0.acc_seg": 99.37318420410156, "aux_1.loss_ce": 0.012734998064115644, "aux_1.acc_seg": 99.37318420410156, "aux_2.loss_ce": 0.012700173631310463, "aux_2.acc_seg": 99.37318420410156, "time": 0.8994306325912476, "iter": 500, "memory": 22588, "step": 500}
{"base_lr": 0.09969144138930335, "lr": 0.09969144138930335, "data_time": 0.007956242561340332, "loss": 1.005358988046646, "decode.loss_ce": 0.9501378029584885, "decode.acc_seg": 3.188045024871826, "aux_0.loss_ce": 0.01838912917301059, "aux_0.acc_seg": 96.81195831298828, "aux_1.loss_ce": 0.018446131143718958, "aux_1.acc_seg": 96.81195831298828, "aux_2.loss_ce": 0.01838592286221683, "aux_2.acc_seg": 96.81195831298828, "time": 0.8986805438995361, "iter": 550, "memory": 22588, "step": 550}
{"base_lr": 0.09966333423886507, "lr": 0.09966333423886507, "data_time": 0.008054161071777343, "loss": 0.7873304188251495, "decode.loss_ce": 0.7528008431196213, "decode.acc_seg": 98.79340362548828, "aux_0.loss_ce": 0.011457135621458291, "aux_0.acc_seg": 98.79340362548828, "aux_1.loss_ce": 0.011544358916580677, "aux_1.acc_seg": 98.79340362548828, "aux_2.loss_ce": 0.011528081027790904, "aux_2.acc_seg": 98.79340362548828, "time": 0.8995467901229859, "iter": 600, "memory": 22588, "step": 600}
{"base_lr": 0.09963522620675838, "lr": 0.09963522620675838, "data_time": 0.007916688919067383, "loss": 0.7166073083877563, "decode.loss_ce": 0.6693725466728211, "decode.acc_seg": 97.02427673339844, "aux_0.loss_ce": 0.0159404463134706, "aux_0.acc_seg": 97.02427673339844, "aux_1.loss_ce": 0.015674264635890722, "aux_1.acc_seg": 97.02427673339844, "aux_2.loss_ce": 0.015620057377964259, "aux_2.acc_seg": 97.02427673339844, "time": 0.8986804723739624, "iter": 650, "memory": 22588, "step": 650}
