{"aAcc": 80.96, "mIoU": 40.6, "mAcc": 52.69, "data_time": 0.00150052011013031, "time": 0.35553361451625826}