{"base_lr": 0.000999751932150666, "lr": 0.000999751932150666, "data_time": 0.003397846221923828, "loss": 5.987938380241394, "decode.loss_ce": 2.7421621561050413, "decode.acc_seg": 24.108104705810547, "aux_0.loss_ce": 1.0794226348400116, "aux_0.acc_seg": 27.31079864501953, "aux_1.loss_ce": 1.0733895182609559, "aux_1.acc_seg": 28.89142608642578, "aux_2.loss_ce": 1.0929640173912047, "aux_2.acc_seg": 28.812978744506836, "time": 0.4611677646636963, "iter": 50, "memory": 4932, "step": 50}
{"base_lr": 0.000999498793858351, "lr": 0.000999498793858351, "data_time": 0.003508186340332031, "loss": 8.127093696594239, "decode.loss_ce": 3.743115949630737, "decode.acc_seg": 2.7676124572753906, "aux_0.loss_ce": 1.4666271209716797, "aux_0.acc_seg": 12.89871597290039, "aux_1.loss_ce": 1.4605479955673217, "aux_1.acc_seg": 15.12732219696045, "aux_2.loss_ce": 1.4568027079105377, "aux_2.acc_seg": 12.922018051147461, "time": 0.4613848447799683, "iter": 100, "memory": 4932, "step": 100}
