{"base_lr": 0.000999751932150666, "lr": 0.000999751932150666, "data_time": 0.0032317399978637694, "loss": 2.950037252902985, "decode.loss_ce": 2.950037252902985, "decode.acc_seg": 7.025742487787312e-11, "time": 0.3953657388687134, "iter": 50, "memory": 4830, "step": 50}
{"base_lr": 0.000999498793858351, "lr": 0.000999498793858351, "data_time": 0.003308868408203125, "loss": 3.7730783462524413, "decode.loss_ce": 3.7730783462524413, "decode.acc_seg": 29.615055084228516, "time": 0.39573872089385986, "iter": 100, "memory": 4813, "step": 100}
{"base_lr": 0.0009992456476503946, "lr": 0.0009992456476503946, "data_time": 0.002617621421813965, "loss": 3.6040278673171997, "decode.loss_ce": 3.6040278673171997, "decode.acc_seg": 7.987008276977292e-11, "time": 0.33439528942108154, "iter": 150, "memory": 4349, "step": 150}
{"base_lr": 0.0009989924935240714, "lr": 0.0009989924935240714, "data_time": 0.0024347305297851562, "loss": 3.186863827705383, "decode.loss_ce": 3.186863827705383, "decode.acc_seg": 51.54304885864258, "time": 0.31650681495666505, "iter": 200, "memory": 4889, "step": 200}
{"base_lr": 0.0009987393314766584, "lr": 0.0009987393314766584, "data_time": 0.0024289846420288085, "loss": 2.935620927810669, "decode.loss_ce": 2.935620927810669, "decode.acc_seg": 22.961240768432617, "time": 0.4237750291824341, "iter": 250, "memory": 4682, "step": 250}
{"base_lr": 0.0009984861615054243, "lr": 0.0009984861615054243, "data_time": 0.0025495290756225586, "loss": 2.8757148146629334, "decode.loss_ce": 2.8757148146629334, "decode.acc_seg": 0.7201654314994812, "time": 0.287007999420166, "iter": 300, "memory": 5050, "step": 300}
