{"lr": 0.0001, "data_time": 3.201102876663208, "loss": 0.6354011654853821, "decode.loss_ce": 0.6354011654853821, "decode.acc_seg": 98.90365600585938, "time": 3.3350985050201416, "iter": 50, "memory": 18834, "step": 50}
{"lr": 0.0001, "data_time": 2.6163774967193603, "loss": 0.5824224054813385, "decode.loss_ce": 0.5824224054813385, "decode.acc_seg": 98.62709045410156, "time": 2.7501428365707397, "iter": 100, "memory": 4558, "step": 100}
{"lr": 0.0001, "data_time": 3.5415141582489014, "loss": 0.5372296571731567, "decode.loss_ce": 0.5372296571731567, "decode.acc_seg": 97.80826568603516, "time": 3.674927020072937, "iter": 150, "memory": 4558, "step": 150}
{"lr": 0.0001, "data_time": 2.7008553028106688, "loss": 0.4834920197725296, "decode.loss_ce": 0.4834920197725296, "decode.acc_seg": 97.04341888427734, "time": 2.8344903230667113, "iter": 200, "memory": 4558, "step": 200}
{"lr": 0.0001, "data_time": 3.051028823852539, "loss": 0.4319835901260376, "decode.loss_ce": 0.4319835901260376, "decode.acc_seg": 99.03945922851562, "time": 3.1849848985672, "iter": 250, "memory": 4558, "step": 250}
