{"base_lr": 0.000999751932150666, "lr": 0.000999751932150666, "data_time": 0.008019566535949707, "loss": 0.06868626326322555, "decode.loss_ce": 0.030886005889624358, "decode.acc_seg": 99.52008819580078, "aux_0.loss_ce": 0.012247651349753141, "aux_0.acc_seg": 99.52008819580078, "aux_1.loss_ce": 0.01282760389149189, "aux_1.acc_seg": 99.52008819580078, "aux_2.loss_ce": 0.01272500236518681, "aux_2.acc_seg": 99.52008819580078, "time": 0.905468487739563, "iter": 50, "memory": 23364, "step": 50}
{"base_lr": 0.000999498793858351, "lr": 0.000999498793858351, "data_time": 0.008133149147033692, "loss": 0.04283062517642975, "decode.loss_ce": 0.01877946509048343, "decode.acc_seg": 99.13896942138672, "aux_0.loss_ce": 0.007860151072964072, "aux_0.acc_seg": 99.13896942138672, "aux_1.loss_ce": 0.00810375320725143, "aux_1.acc_seg": 99.13896942138672, "aux_2.loss_ce": 0.008087255340069533, "aux_2.acc_seg": 99.13896942138672, "time": 0.91767737865448, "iter": 100, "memory": 22504, "step": 100}
{"base_lr": 0.0009992456476503946, "lr": 0.0009992456476503946, "data_time": 0.007822299003601074, "loss": 0.07876626811921597, "decode.loss_ce": 0.03493295619264245, "decode.acc_seg": 99.14598846435547, "aux_0.loss_ce": 0.01440280438400805, "aux_0.acc_seg": 99.14598846435547, "aux_1.loss_ce": 0.014595107268542051, "aux_1.acc_seg": 99.14598846435547, "aux_2.loss_ce": 0.014835401065647602, "aux_2.acc_seg": 99.14598846435547, "time": 0.9170345306396485, "iter": 150, "memory": 22504, "step": 150}
{"base_lr": 0.0009989924935240714, "lr": 0.0009989924935240714, "data_time": 0.008446097373962402, "loss": 0.06194222196936607, "decode.loss_ce": 0.027154458314180376, "decode.acc_seg": 97.72356414794922, "aux_0.loss_ce": 0.011223510932177305, "aux_0.acc_seg": 97.72356414794922, "aux_1.loss_ce": 0.011490010190755129, "aux_1.acc_seg": 97.72356414794922, "aux_2.loss_ce": 0.012074242206290364, "aux_2.acc_seg": 97.72356414794922, "time": 0.9130977630615235, "iter": 200, "memory": 22504, "step": 200}
{"base_lr": 0.0009987393314766584, "lr": 0.0009987393314766584, "data_time": 0.007975935935974121, "loss": 0.04878494068980217, "decode.loss_ce": 0.021582525596022605, "decode.acc_seg": 99.21405792236328, "aux_0.loss_ce": 0.008884047390893102, "aux_0.acc_seg": 99.21405792236328, "aux_1.loss_ce": 0.009051367500796914, "aux_1.acc_seg": 99.21405792236328, "aux_2.loss_ce": 0.009267001086845994, "aux_2.acc_seg": 99.21405792236328, "time": 0.9092527627944946, "iter": 250, "memory": 22504, "step": 250}
{"base_lr": 0.0009984861615054243, "lr": 0.0009984861615054243, "data_time": 0.007953500747680664, "loss": 0.045800956152379516, "decode.loss_ce": 0.020369517523795365, "decode.acc_seg": 99.46458435058594, "aux_0.loss_ce": 0.008378257835283875, "aux_0.acc_seg": 99.46458435058594, "aux_1.loss_ce": 0.008305277256295086, "aux_1.acc_seg": 99.46458435058594, "aux_2.loss_ce": 0.008747902465984225, "aux_2.acc_seg": 99.46458435058594, "time": 0.9063735485076905, "iter": 300, "memory": 22504, "step": 300}
{"base_lr": 0.0009982329836076425, "lr": 0.0009982329836076425, "data_time": 0.007718300819396973, "loss": 0.07133418172597886, "decode.loss_ce": 0.031554337590932846, "decode.acc_seg": 99.50968933105469, "aux_0.loss_ce": 0.013107349537312985, "aux_0.acc_seg": 99.50968933105469, "aux_1.loss_ce": 0.013242297619581223, "aux_1.acc_seg": 99.50968933105469, "aux_2.loss_ce": 0.013430195907130838, "aux_2.acc_seg": 99.50968933105469, "time": 0.9046303033828735, "iter": 350, "memory": 22504, "step": 350}
{"base_lr": 0.0009979797977805835, "lr": 0.0009979797977805835, "data_time": 0.0077167987823486325, "loss": 0.04591481182724237, "decode.loss_ce": 0.020267775282263756, "decode.acc_seg": 99.14688873291016, "aux_0.loss_ce": 0.008528339443728328, "aux_0.acc_seg": 99.14688873291016, "aux_1.loss_ce": 0.008563703624531627, "aux_1.acc_seg": 99.14688873291016, "aux_2.loss_ce": 0.008554992917925119, "aux_2.acc_seg": 99.14688873291016, "time": 0.9020623445510865, "iter": 400, "memory": 22504, "step": 400}
{"base_lr": 0.0009977266040215116, "lr": 0.0009977266040215116, "data_time": 0.008004999160766602, "loss": 0.11440135426819324, "decode.loss_ce": 0.05315506905317306, "decode.acc_seg": 99.34093475341797, "aux_0.loss_ce": 0.020306099997833373, "aux_0.acc_seg": 99.34093475341797, "aux_1.loss_ce": 0.02070163507014513, "aux_1.acc_seg": 99.34093475341797, "aux_2.loss_ce": 0.02023855047300458, "aux_2.acc_seg": 99.34093475341797, "time": 0.9019639253616333, "iter": 450, "memory": 22504, "step": 450}
{"base_lr": 0.0009974734023276948, "lr": 0.0009974734023276948, "data_time": 0.007559943199157715, "loss": 0.11883641425520182, "decode.loss_ce": 0.05441777491942048, "decode.acc_seg": 98.59668731689453, "aux_0.loss_ce": 0.020755462860688568, "aux_0.acc_seg": 98.5880126953125, "aux_1.loss_ce": 0.02205185042694211, "aux_1.acc_seg": 98.5880126953125, "aux_2.loss_ce": 0.02161132446490228, "aux_2.acc_seg": 98.5880126953125, "time": 0.9017379999160766, "iter": 500, "memory": 22504, "step": 500}
{"base_lr": 0.0009972201926963962, "lr": 0.0009972201926963962, "data_time": 0.007962703704833984, "loss": 0.06987863443791867, "decode.loss_ce": 0.03121810844168067, "decode.acc_seg": 96.93170928955078, "aux_0.loss_ce": 0.012494675582274795, "aux_0.acc_seg": 96.93170928955078, "aux_1.loss_ce": 0.013206230336800217, "aux_1.acc_seg": 96.93170928955078, "aux_2.loss_ce": 0.012959619984030724, "aux_2.acc_seg": 96.93170928955078, "time": 0.9023098468780517, "iter": 550, "memory": 22504, "step": 550}
{"base_lr": 0.0009969669751248777, "lr": 0.0009969669751248777, "data_time": 0.0076690673828125, "loss": 0.06947092823684216, "decode.loss_ce": 0.031407796405255796, "decode.acc_seg": 99.1189956665039, "aux_0.loss_ce": 0.012460269313305617, "aux_0.acc_seg": 99.1189956665039, "aux_1.loss_ce": 0.012875293008983135, "aux_1.acc_seg": 99.1189956665039, "aux_2.loss_ce": 0.012727569462731481, "aux_2.acc_seg": 99.1189956665039, "time": 0.9018526792526245, "iter": 600, "memory": 22504, "step": 600}
{"base_lr": 0.0009967137496104002, "lr": 0.0009967137496104002, "data_time": 0.007822346687316895, "loss": 0.055936307460069654, "decode.loss_ce": 0.025190621614456177, "decode.acc_seg": 98.64566040039062, "aux_0.loss_ce": 0.01028458857908845, "aux_0.acc_seg": 98.64566040039062, "aux_1.loss_ce": 0.010036256350576877, "aux_1.acc_seg": 98.64566040039062, "aux_2.loss_ce": 0.010424840729683638, "aux_2.acc_seg": 98.6468505859375, "time": 0.9021348237991333, "iter": 650, "memory": 22504, "step": 650}
{"base_lr": 0.0009964605161502224, "lr": 0.0009964605161502224, "data_time": 0.007698345184326172, "loss": 0.09637734815478324, "decode.loss_ce": 0.04307242576032877, "decode.acc_seg": 98.75912475585938, "aux_0.loss_ce": 0.017830406920984386, "aux_0.acc_seg": 98.75912475585938, "aux_1.loss_ce": 0.01765433344990015, "aux_1.acc_seg": 98.75912475585938, "aux_2.loss_ce": 0.017820180905982853, "aux_2.acc_seg": 98.75912475585938, "time": 0.9019423246383667, "iter": 700, "memory": 22504, "step": 700}
{"base_lr": 0.0009962072747415987, "lr": 0.0009962072747415987, "data_time": 0.008332538604736327, "loss": 0.043584040552377704, "decode.loss_ce": 0.019203002378344537, "decode.acc_seg": 99.55997467041016, "aux_0.loss_ce": 0.008091693371534347, "aux_0.acc_seg": 99.55997467041016, "aux_1.loss_ce": 0.00815302124246955, "aux_1.acc_seg": 99.55997467041016, "aux_2.loss_ce": 0.008136323327198625, "aux_2.acc_seg": 99.55997467041016, "time": 0.9024118423461914, "iter": 750, "memory": 22504, "step": 750}
{"base_lr": 0.000995954025381786, "lr": 0.000995954025381786, "data_time": 0.008489775657653808, "loss": 0.09144508503377438, "decode.loss_ce": 0.04118644837290049, "decode.acc_seg": 96.7618408203125, "aux_0.loss_ce": 0.01653332090936601, "aux_0.acc_seg": 96.81514739990234, "aux_1.loss_ce": 0.016588796209543944, "aux_1.acc_seg": 96.82192993164062, "aux_2.loss_ce": 0.017136520892381667, "aux_2.acc_seg": 96.76256561279297, "time": 0.9023911714553833, "iter": 800, "memory": 22504,