{"base_lr": 0.000999751932150666, "lr": 0.000999751932150666, "data_time": 0.013399887084960937, "loss": 2.3110064387321474, "decode.loss_ce": 2.3110064387321474, "decode.acc_seg": 47.64537048339844, "time": 1.6527236700057983, "iter": 50, "memory": 39249, "step": 50}
{"base_lr": 0.000999498793858351, "lr": 0.000999498793858351, "data_time": 0.013569355010986328, "loss": 2.1029045820236205, "decode.loss_ce": 2.1029045820236205, "decode.acc_seg": 31.00750160217285, "time": 1.6668659448623657, "iter": 100, "memory": 39249, "step": 100}
{"base_lr": 0.0009992456476503946, "lr": 0.0009992456476503946, "data_time": 0.013035225868225097, "loss": 1.6623414874076843, "decode.loss_ce": 1.6623414874076843, "decode.acc_seg": 52.927955627441406, "time": 1.6711424589157104, "iter": 150, "memory": 39249, "step": 150}
