{"base_lr": 0.000999751932150666, "lr": 0.000999751932150666, "data_time": 0.003638553619384766, "loss": 3.399734616279602, "decode.loss_ce": 3.399734616279602, "decode.acc_seg": 3.6400341987609863, "time": 0.5738665819168091, "iter": 50, "memory": 4900, "step": 50}
{"base_lr": 0.000999498793858351, "lr": 0.000999498793858351, "data_time": 0.0033307790756225584, "loss": 2.970407819747925, "decode.loss_ce": 2.970407819747925, "decode.acc_seg": 76.58050537109375, "time": 0.5654278039932251, "iter": 100, "memory": 5030, "step": 100}
{"base_lr": 0.0009992456476503946, "lr": 0.0009992456476503946, "data_time": 0.003267788887023926, "loss": 3.638017010688782, "decode.loss_ce": 3.638017010688782, "decode.acc_seg": 1.3129702806472778, "time": 0.36920602321624757, "iter": 150, "memory": 5051, "step": 150}
{"base_lr": 0.0009989924935240714, "lr": 0.0009989924935240714, "data_time": 0.002410411834716797, "loss": 3.3926038265228273, "decode.loss_ce": 3.3926038265228273, "decode.acc_seg": 3.228210926055908, "time": 0.35964643955230713, "iter": 200, "memory": 4954, "step": 200}
{"base_lr": 0.0009987393314766584, "lr": 0.0009987393314766584, "data_time": 0.002458000183105469, "loss": 3.2589547395706178, "decode.loss_ce": 3.2589547395706178, "decode.acc_seg": 4.551675356068152e-11, "time": 0.2959666013717651, "iter": 250, "memory": 4954, "step": 250}
{"base_lr": 0.0009984861615054243, "lr": 0.0009984861615054243, "data_time": 0.002294635772705078, "loss": 3.4971134662628174, "decode.loss_ce": 3.4971134662628174, "decode.acc_seg": 6.19198303741797e-11, "time": 0.32438719272613525, "iter": 300, "memory": 4588, "step": 300}
{"base_lr": 0.0009982329836076425, "lr": 0.0009982329836076425, "data_time": 0.00242762565612793, "loss": 3.5240962505340576, "decode.loss_ce": 3.5240962505340576, "decode.acc_seg": 2.2876603603363037, "time": 0.3289565324783325, "iter": 350, "memory": 4460, "step": 350}
{"base_lr": 0.0009979797977805835, "lr": 0.0009979797977805835, "data_time": 0.0034222841262817384, "loss": 2.6092193722724915, "decode.loss_ce": 2.6092193722724915, "decode.acc_seg": 2.2530578791535305e-10, "time": 0.2676625967025757, "iter": 400, "memory": 5030, "step": 400}
{"base_lr": 0.0009977266040215116, "lr": 0.0009977266040215116, "data_time": 0.0033102035522460938, "loss": 3.1451823234558107, "decode.loss_ce": 3.1451823234558107, "decode.acc_seg": 33.68088150024414, "time": 0.4124049425125122, "iter": 450, "memory": 4768, "step": 450}
{"base_lr": 0.0009974734023276948, "lr": 0.0009974734023276948, "data_time": 0.0022927045822143553, "loss": 3.2155611157417296, "decode.loss_ce": 3.2155611157417296, "decode.acc_seg": 22.08391571044922, "time": 0.32659776210784913, "iter": 500, "memory": 4187, "step": 500}
