{"base_lr": 0.000999751932150666, "lr": 0.000999751932150666, "data_time": 0.03492412567138672, "loss": 3.3574697017669677, "decode.loss_ce": 3.3574697017669677, "decode.acc_seg": 9.813179016113281, "time": 0.29797706604003904, "iter": 50, "memory": 4855, "step": 50}
{"base_lr": 0.000999498793858351, "lr": 0.000999498793858351, "data_time": 0.0460949182510376, "loss": 3.943381667137146, "decode.loss_ce": 3.943381667137146, "decode.acc_seg": 4.54868816224252e-11, "time": 0.26819415092468263, "iter": 100, "memory": 4223, "step": 100}
{"base_lr": 0.0009992456476503946, "lr": 0.0009992456476503946, "data_time": 0.04651219844818115, "loss": 3.473730981349945, "decode.loss_ce": 3.473730981349945, "decode.acc_seg": 73.23629760742188, "time": 0.3772251844406128, "iter": 150, "memory": 3749, "step": 150}
