{"aAcc": 80.57, "mIoU": 44.28, "mAcc": 55.66, "data_time": 0.0014374892711639404, "time": 0.3459067553281784}