{"base_lr": 0.0004998897476225205, "lr": 0.0004998897476225205, "data_time": 0.0011693954467773438, "loss": 4.292019987106324, "decode.loss_ce": 4.292019987106324, "decode.acc_seg": 19.75188636779785, "time": 0.40909457206726074, "iter": 50, "memory": 4863, "step": 50}
{"base_lr": 0.0004997772417148277, "lr": 0.0004997772417148277, "data_time": 0.0011830568313598634, "loss": 3.757682776451111, "decode.loss_ce": 3.757682776451111, "decode.acc_seg": 0.02713661827147007, "time": 0.1002056360244751, "iter": 100, "memory": 4701, "step": 100}
