{"base_lr": 0.000999751932150666, "lr": 0.000999751932150666, "data_time": 0.003249645233154297, "loss": 3.5341038942337035, "decode.loss_ce": 3.5341038942337035, "decode.acc_seg": 24.904827117919922, "time": 0.3908942699432373, "iter": 50, "memory": 5057, "step": 50}
{"base_lr": 0.000999498793858351, "lr": 0.000999498793858351, "data_time": 0.0033203601837158204, "loss": 3.5636430263519285, "decode.loss_ce": 3.5636430263519285, "decode.acc_seg": 1.4408568782542375e-10, "time": 0.5751214504241944, "iter": 100, "memory": 4901, "step": 100}
{"base_lr": 0.0009992456476503946, "lr": 0.0009992456476503946, "data_time": 0.0033754348754882813, "loss": 3.610536828637123, "decode.loss_ce": 3.610536828637123, "decode.acc_seg": 26.28885269165039, "time": 0.3029975414276123, "iter": 150, "memory": 4509, "step": 150}
{"base_lr": 0.0009989924935240714, "lr": 0.0009989924935240714, "data_time": 0.003355240821838379, "loss": 3.67521755695343, "decode.loss_ce": 3.67521755695343, "decode.acc_seg": 8.49365439092864e-11, "time": 0.4567587852478027, "iter": 200, "memory": 4332, "step": 200}
{"base_lr": 0.0009987393314766584, "lr": 0.0009987393314766584, "data_time": 0.0022484302520751954, "loss": 3.3838488459587097, "decode.loss_ce": 3.3838488459587097, "decode.acc_seg": 56.20984649658203, "time": 0.4233890771865845, "iter": 250, "memory": 4901, "step": 250}
{"base_lr": 0.0009984861615054243, "lr": 0.0009984861615054243, "data_time": 0.002435445785522461, "loss": 3.0183576107025147, "decode.loss_ce": 3.0183576107025147, "decode.acc_seg": 35.34101104736328, "time": 0.2963148593902588, "iter": 300, "memory": 5033, "step": 300}
{"base_lr": 0.0009982329836076425, "lr": 0.0009982329836076425, "data_time": 0.002347707748413086, "loss": 3.1537966251373293, "decode.loss_ce": 3.1537966251373293, "decode.acc_seg": 48.04102325439453, "time": 0.2805355072021484, "iter": 350, "memory": 4588, "step": 350}
{"base_lr": 0.0009979797977805835, "lr": 0.0009979797977805835, "data_time": 0.0032021522521972655, "loss": 2.908926600217819, "decode.loss_ce": 2.908926600217819, "decode.acc_seg": 1.0425495883259472e-10, "time": 0.2873051643371582, "iter": 400, "memory": 4955, "step": 400}
{"base_lr": 0.0009977266040215116, "lr": 0.0009977266040215116, "data_time": 0.0024041175842285157, "loss": 3.4693591594696045, "decode.loss_ce": 3.4693591594696045, "decode.acc_seg": 0.4597616493701935, "time": 0.2951165199279785, "iter": 450, "memory": 4462, "step": 450}
{"base_lr": 0.0009974734023276948, "lr": 0.0009974734023276948, "data_time": 0.002296733856201172, "loss": 3.1734206080436707, "decode.loss_ce": 3.1734206080436707, "decode.acc_seg": 5.795774936676025, "time": 0.34507663249969484, "iter": 500, "memory": 4638, "step": 500}
{"base_lr": 0.0009972201926963962, "lr": 0.0009972201926963962, "data_time": 0.0023340225219726563, "loss": 3.274113082885742, "decode.loss_ce": 3.274113082885742, "decode.acc_seg": 5.045441150665283, "time": 0.29638216495513914, "iter": 550, "memory": 3836, "step": 550}
{"base_lr": 0.0009969669751248777, "lr": 0.0009969669751248777, "data_time": 0.0024214744567871093, "loss": 3.025196933746338, "decode.loss_ce": 3.025196933746338, "decode.acc_seg": 4.2950849533081055, "time": 0.4105048418045044, "iter": 600, "memory": 5004, "step": 600}
{"base_lr": 0.0009967137496104002, "lr": 0.0009967137496104002, "data_time": 0.002187633514404297, "loss": 3.226118576526642, "decode.loss_ce": 3.226118576526642, "decode.acc_seg": 4.403351783752441, "time": 0.2928570985794067, "iter": 650, "memory": 3672, "step": 650}
{"base_lr": 0.0009964605161502224, "lr": 0.0009964605161502224, "data_time": 0.0023389339447021486, "loss": 3.4440502405166624, "decode.loss_ce": 3.4440502405166624, "decode.acc_seg": 6.130795001983643, "time": 0.2657606601715088, "iter": 700, "memory": 3456, "step": 700}
{"base_lr": 0.0009962072747415987, "lr": 0.0009962072747415987, "data_time": 0.002298402786254883, "loss": 3.0380927324295044, "decode.loss_ce": 3.0380927324295044, "decode.acc_seg": 0.003843596437945962, "time": 0.29480228424072263, "iter": 750, "memory": 3460, "step": 750}
{"base_lr": 0.000995954025381786, "lr": 0.000995954025381786, "data_time": 0.0023943424224853516, "loss": 3.1449053287506104, "decode.loss_ce": 3.1449053287506104, "decode.acc_seg": 5.1776548326554206e-11, "time": 0.3352982521057129, "iter": 800, "memory": 4437, "step": 800}
{"base_lr": 0.000995700768068036, "lr": 0.000995700768068036, "data_time": 0.0024358749389648436, "loss": 3.33221150636673, "decode.loss_ce": 3.33221150636673, "decode.acc_seg": 6.45851289116095e-11, "time": 0.26987180709838865, "iter": 850, "memory": 4290, "step": 850}
{"base_lr": 0.0009954475027976013, "lr": 0.0009954475027976013, "data_time": 0.0024407625198364256, "loss": 3.373202180862427, "decode.loss_ce": 3.373202180862427, "decode.acc_seg": 19.023374557495117, "time": 0.2727017641067505, "iter": 900, "memory": 4349, "step": 900}
{"base_lr": 0.0009951942295677314, "lr": 0.0009951942295677314, "data_time": 0.00229949951171875, "loss": 2.8350950717926025, "decode.loss_ce": 2.8350950717926025, "decode.acc_seg": 0.4665210247039795, "time": 0.35753958225250243, "iter": 950, "memory": 4052, "step": 950}
{"base_lr": 0.0009949409483756718, "lr": 0.0009949409483756718, "data_time": 0.0024326324462890627, "loss": 2.821614480018616, "decode.loss_ce": 2.821614480018616, "decode.acc_seg": 1.8359650373458862, "time": 0.3492070198059082, "iter": 1000, "memory": 3459, "step": 1000}
{"base_lr": 0.0009946876592186707, "lr": 0.0009946876592186707, "data_time": 0.0023811817169189452, "loss": 2.713338828086853, "decode.loss_ce": 2.713338828086853, "decode.acc_seg": 24.457300186157227, "time": 0.2789039611816406, "iter": 1050, "memory": 3942, "step": 1050}
{"base_lr": 0.0009944343620939698, "lr": 0.0009944343620939698, "data_time": 0.0022276163101196287, "loss": 2.9049915045499803, "decode.loss_ce": 2.9049915045499803, "decode.acc_seg": 32.575626373291016, "time": 0.2604708671569824, "iter": 1100, "memory": 4410, "step": 1100}
{"base_lr": 0.0009941810569988122, "lr": 0.0009941810569988122, "data_time": 0.002484917640686035, "loss": 3.2087807059288025, "decode.loss_ce": 3.2087807059288025, "decode.acc_seg": 3.2138813832460755e-10, "time": 0.27246708869934083, "iter": 1150, "memory": 3455, "step": 1150}
{"base_lr": 0.0009939277439304389, "lr": 0.0009939277439304389, "data_time": 0.002535438537597656, "loss": 3.490989327430725, "decode.loss_ce": 3.490989327430725, "decode.acc_seg": 39.29532241821289, "time": 0.27883989810943605, "iter": 1200, "memory": 3898, "step": 1200}
{"base_lr": 0.0009936744228860879, "lr": 0.0009936744228860879, "data_time": 0.0024404287338256835, "loss": 3.4805251598358153, "decode.loss_ce": 3.4805251598358153, "decode.acc_seg": 4.5623189254273555e-11, "time": 0.28562078475952146, "iter": 1250, "memory": 4831, "step": 1250}
{"base_lr": 0.0009934210938629948, "lr": 0.0009934210938629948, "data_time": 0.002373790740966797, "loss": 2.323358178138733, "decode.loss_ce": 2.323358178138733, "decode.acc_seg": 45.929351806640625, "time": 0.2994109630584717, "iter": 1300, "memory": 3716, "step": 1300}
{"base_lr": 0.000993167756858395, "lr": 0.000993167756858395, "data_time": 0.0024049758911132814, "loss": 3.2017460227012635, "decode.loss_ce": 3.2017460227012635, "decode.acc_seg": 79.38359069824219, "time": 0.28424768447875975, "iter": 1350, "memory": 3456, "step": 1350}
{"base_lr": 0.0009929144118695213, "lr": 0.0009929144118695213, "data_time": 0.0023462772369384766, "loss": 2.827629733085632, "decode.loss_ce": 2.827629733085632, "decode.acc_seg": 4.547473508864641e-11, "time": 0.2962868928909302, "iter": 1400, "memory": 3790, "step": 1400}
{"base_lr": 0.0009926610588936059, "lr": 0.0009926610588936059, "data_time": 0.0025415658950805665, "loss": 3.0199638962745667, "decode.loss_ce": 3.0199638962745667, "decode.acc_seg": 2.3439172824879506e-10, "time": 0.2704604625701904, "iter": 1450, "memory": 4767, "step": 1450}
{"base_lr": 0.000992407697927877,