{"base_lr": 0.000999751932150666, "lr": 0.000999751932150666, "data_time": 0.002614402770996094, "loss": 3.8383992433547975, "decode.loss_ce": 3.8383992433547975, "decode.acc_seg": 21.744426727294922, "time": 0.4745929479598999, "iter": 50, "memory": 4782, "step": 50}
