{"base_lr": 0.000999751932150666, "lr": 0.000999751932150666, "data_time": 0.0032062530517578125, "loss": 3.8161839723587034, "decode.loss_ce": 3.8161839723587034, "decode.acc_seg": 4.6686675359008944e-11, "time": 0.24895424842834474, "iter": 50, "memory": 2853, "step": 50}
{"base_lr": 0.000999498793858351, "lr": 0.000999498793858351, "data_time": 0.002320551872253418, "loss": 3.9041662216186523, "decode.loss_ce": 3.9041662216186523, "decode.acc_seg": 4.5672132742424765e-11, "time": 0.24903790950775145, "iter": 100, "memory": 2853, "step": 100}
