{"base_lr": 0.0004998897476225205, "lr": 0.0004998897476225205, "data_time": 0.0022093534469604494, "loss": 4.486950039863586, "decode.loss_ce": 4.486950039863586, "decode.acc_seg": 25.97015380859375, "time": 0.14001681804656982, "iter": 50, "memory": 4863, "step": 50}
{"base_lr": 0.0004997772417148277, "lr": 0.0004997772417148277, "data_time": 0.00229339599609375, "loss": 3.346977710723877, "decode.loss_ce": 3.346977710723877, "decode.acc_seg": 27.190025329589844, "time": 0.25854742527008057, "iter": 100, "memory": 4704, "step": 100}
