{"aAcc": 1.4, "mIoU": 0.7, "mAcc": 50.0, "data_time": 0.009764860316020687, "time": 0.17971344885787344, "step": 1}
