{"lr": 0.000999751932150666, "data_time": 0.0021068334579467775, "loss": 1.3882771015167237, "decode.loss_dice": 0.9915226876735688, "decode.acc_seg": 100.0, "aux.loss_dice": 0.39675440192222594, "aux.acc_seg": 100.0, "time": 0.434462833404541, "iter": 50, "memory": 4663, "step": 50}
{"lr": 0.000999498793858351, "data_time": 0.0022659540176391602, "loss": 1.3825899600982665, "decode.loss_dice": 0.9873661637306214, "decode.acc_seg": 100.0, "aux.loss_dice": 0.3952237844467163, "aux.acc_seg": 100.0, "time": 0.43214666843414307, "iter": 100, "memory": 4514, "step": 100}
{"aAcc": 0.0, "mIoU": 0.0, "mAcc": 0.0, "data_time": 0.008339096860187809, "time": 0.15273565877743853, "step": 100}
