{"base_lr": 0.0004998897476225205, "lr": 0.0004998897476225205, "data_time": 0.0024188756942749023, "loss": 4.310988569259644, "decode.loss_ce": 4.310988569259644, "decode.acc_seg": 64.95051574707031, "time": 0.23456883430480957, "iter": 50, "memory": 4701, "step": 50}
