{"base_lr": 0.0001, "lr": 0.0001, "data_time": 2.458064341545105, "loss": 0.06746080555021763, "decode.loss_ce": 0.06746080555021763, "decode.acc_seg": 98.98848724365234, "time": 3.973662996292114, "iter": 50, "memory": 36001, "step": 50}
{"base_lr": 0.0001, "lr": 0.0001, "data_time": 2.1736768960952757, "loss": 0.0650506604462862, "decode.loss_ce": 0.0650506604462862, "decode.acc_seg": 98.50482940673828, "time": 3.6883297681808473, "iter": 100, "memory": 36001, "step": 100}
