{"base_lr": 0.0004998897476225205, "lr": 0.0004998897476225205, "data_time": 0.0021256446838378907, "loss": 3.9370570302009584, "decode.loss_ce": 3.9370570302009584, "decode.acc_seg": 8.880515098571777, "time": 0.33937036991119385, "iter": 50, "memory": 4863, "step": 50}
{"base_lr": 0.0004997772417148277, "lr": 0.0004997772417148277, "data_time": 0.0019971847534179686, "loss": 3.648753023147583, "decode.loss_ce": 3.648753023147583, "decode.acc_seg": 100.0, "time": 0.15787649154663086, "iter": 100, "memory": 4388, "step": 100}
