{"base_lr": 0.000999751932150666, "lr": 0.000999751932150666, "data_time": 0.002257680892944336, "loss": 3.191738247871399, "decode.loss_ce": 3.191738247871399, "decode.acc_seg": 0.5533353686332703, "time": 0.30060269832611086, "iter": 50, "memory": 3484, "step": 50}
