{"lr": 0.0001, "data_time": 0.0022940874099731446, "loss": 0.0, "decode.loss_ce": 0.0, "decode.acc_seg": 100.0, "aux.loss_ce": 0.0, "aux.acc_seg": 100.0, "time": 0.4400254964828491, "iter": 50, "memory": 4663, "step": 50}
{"lr": 0.0001, "data_time": 0.0022915363311767577, "loss": 0.0, "decode.loss_ce": 0.0, "decode.acc_seg": 100.0, "aux.loss_ce": 0.0, "aux.acc_seg": 100.0, "time": 0.43351948261260986, "iter": 100, "memory": 4512, "step": 100}
{"aAcc": 1.23, "mIoU": 0.62, "mAcc": 1.23, "data_time": 0.0100364394304229, "time": 0.15922365343667627, "step": 100}
