{"lr": 0.0001, "data_time": 3.6015243768692016, "loss": 0.9812613725662231, "decode.loss_dice": 0.3894552320241928, "decode.loss_iou": 0.591806149482727, "decode.acc_seg": 100.0, "time": 3.7385066032409666, "iter": 50, "memory": 18834, "step": 50}
{"lr": 0.0001, "data_time": 3.4943055629730226, "loss": 0.9686319768428803, "decode.loss_dice": 0.3828138053417206, "decode.loss_iou": 0.5858181774616241, "decode.acc_seg": 100.0, "time": 3.631042981147766, "iter": 50, "memory": 18834, "step": 50}
{"lr": 0.0001, "data_time": 2.522247314453125, "loss": 0.9710178673267365, "decode.loss_dice": 0.38409665524959563, "decode.loss_iou": 0.5869212090969086, "decode.acc_seg": 100.0, "time": 2.659286546707153, "iter": 100, "memory": 4559, "step": 100}
{"lr": 0.0001, "data_time": 2.2008883476257326, "loss": 0.9632582187652587, "decode.loss_dice": 0.38003850281238555, "decode.loss_iou": 0.583219712972641, "decode.acc_seg": 100.0, "time": 2.3375720024108886, "iter": 100, "memory": 4563, "step": 100}
{"lr": 0.0001, "data_time": 3.360090970993042, "loss": 0.9745744824409485, "decode.loss_dice": 0.3859262436628342, "decode.loss_iou": 0.5886482298374176, "decode.acc_seg": 100.0, "time": 3.4978281974792482, "iter": 150, "memory": 4563, "step": 150}
{"lr": 0.0001, "data_time": 3.4745100021362303, "loss": 0.9641605496406556, "decode.loss_dice": 0.38073537945747377, "decode.loss_iou": 0.5834251582622528, "decode.acc_seg": 100.0, "time": 3.6110100030899046, "iter": 150, "memory": 4559, "step": 150}
