{"base_lr": 0.0004998897476225205, "lr": 0.0004998897476225205, "data_time": 0.003349494934082031, "loss": 4.490643501281738, "decode.loss_ce": 4.490643501281738, "decode.acc_seg": 0.1874232143163681, "time": 0.3625826597213745, "iter": 50, "memory": 4868, "step": 50}
{"base_lr": 0.0004997772417148277, "lr": 0.0004997772417148277, "data_time": 0.004188156127929688, "loss": 4.062285733222962, "decode.loss_ce": 4.062285733222962, "decode.acc_seg": 12.544025421142578, "time": 0.5113153457641602, "iter": 100, "memory": 4864, "step": 100}
{"base_lr": 0.000499664732289072, "lr": 0.000499664732289072, "data_time": 0.002691960334777832, "loss": 3.8330025911331176, "decode.loss_ce": 3.8330025911331176, "decode.acc_seg": 3.605395555496216, "time": 0.41843059062957766, "iter": 150, "memory": 4864, "step": 150}
{"base_lr": 0.0004995522193440423, "lr": 0.0004995522193440423, "data_time": 0.0034247398376464843, "loss": 3.8324766159057617, "decode.loss_ce": 3.8324766159057617, "decode.acc_seg": 0.7560334205627441, "time": 0.28421750068664553, "iter": 200, "memory": 4546, "step": 200}
{"base_lr": 0.0004994397028785276, "lr": 0.0004994397028785276, "data_time": 0.0034679412841796876, "loss": 3.3377370715141295, "decode.loss_ce": 3.3377370715141295, "decode.acc_seg": 6.736991882324219, "time": 0.20689172744750978, "iter": 250, "memory": 3602, "step": 250}
{"base_lr": 0.000499327182891315, "lr": 0.000499327182891315, "data_time": 0.002630734443664551, "loss": 3.1220048904418944, "decode.loss_ce": 3.1220048904418944, "decode.acc_seg": 8.660114288330078, "time": 0.12558610439300538, "iter": 300, "memory": 3647, "step": 300}
{"base_lr": 0.0004992146593811923, "lr": 0.0004992146593811923, "data_time": 0.0022453546524047853, "loss": 2.957790291309357, "decode.loss_ce": 2.957790291309357, "decode.acc_seg": 17.119911193847656, "time": 0.1274111747741699, "iter": 350, "memory": 3725, "step": 350}
{"base_lr": 0.0004991021323469467, "lr": 0.0004991021323469467, "data_time": 0.003864026069641113, "loss": 3.564387631416321, "decode.loss_ce": 3.564387631416321, "decode.acc_seg": 4.559579450114093e-11, "time": 0.1446671485900879, "iter": 400, "memory": 4567, "step": 400}
{"base_lr": 0.000498989601787362, "lr": 0.000498989601787362, "data_time": 0.01022336483001709, "loss": 3.2913662433624267, "decode.loss_ce": 3.2913662433624267, "decode.acc_seg": 9.526555061340332, "time": 0.2783472776412964, "iter": 450, "memory": 4706, "step": 450}
{"base_lr": 0.0004988770677012235, "lr": 0.0004988770677012235, "data_time": 0.0033338785171508787, "loss": 3.554791784286499, "decode.loss_ce": 3.554791784286499, "decode.acc_seg": 0.02603793703019619, "time": 0.12991092205047608, "iter": 500, "memory": 3444, "step": 500}
{"base_lr": 0.0004987645300873156, "lr": 0.0004987645300873156, "data_time": 0.002472591400146484, "loss": 3.439957630634308, "decode.loss_ce": 3.439957630634308, "decode.acc_seg": 48.740760803222656, "time": 0.12635400295257568, "iter": 550, "memory": 4133, "step": 550}
{"base_lr": 0.000498651988944421, "lr": 0.000498651988944421, "data_time": 0.0025556087493896484, "loss": 3.4921541690826414, "decode.loss_ce": 3.4921541690826414, "decode.acc_seg": 24.693626403808594, "time": 0.2122481346130371, "iter": 600, "memory": 4276, "step": 600}
{"base_lr": 0.0004985394442713226, "lr": 0.0004985394442713226, "data_time": 0.003504157066345215, "loss": 3.2747781038284303, "decode.loss_ce": 3.2747781038284303, "decode.acc_seg": 3.320038080215454, "time": 0.20789973735809325, "iter": 650, "memory": 4547, "step": 650}
{"base_lr": 0.0004984268960668015, "lr": 0.0004984268960668015, "data_time": 0.0031961441040039063, "loss": 3.231894326210022, "decode.loss_ce": 3.231894326210022, "decode.acc_seg": 0.04554448649287224, "time": 0.14017760753631592, "iter": 700, "memory": 2758, "step": 700}
{"base_lr": 0.0004983143443296383, "lr": 0.0004983143443296383, "data_time": 0.0025861978530883787, "loss": 3.2038763761520386, "decode.loss_ce": 3.2038763761520386, "decode.acc_seg": 37.812801361083984, "time": 0.24781255722045897, "iter": 750, "memory": 3647, "step": 750}
{"base_lr": 0.0004982017890586134, "lr": 0.0004982017890586134, "data_time": 0.0024681329727172852, "loss": 3.190974545478821, "decode.loss_ce": 3.190974545478821, "decode.acc_seg": 51.10440444946289, "time": 0.12799558639526368, "iter": 800, "memory": 2406, "step": 800}
{"base_lr": 0.0004980892302525051, "lr": 0.0004980892302525051, "data_time": 0.0026393890380859374, "loss": 2.7469646338373424, "decode.loss_ce": 2.7469646338373424, "decode.acc_seg": 7.340934753417969, "time": 0.12532470226287842, "iter": 850, "memory": 2444, "step": 850}
