{"base_lr": 0.0004998897476225205, "lr": 0.0004998897476225205, "data_time": 0.008407306671142579, "loss": 0.5022293239831924, "decode.loss_ce": 0.5022293239831924, "decode.acc_seg": 76.20365142822266, "time": 0.8349250555038452, "iter": 50, "memory": 20910, "step": 50}
{"base_lr": 0.0004997772417148277, "lr": 0.0004997772417148277, "data_time": 0.00906069278717041, "loss": 0.4788359433412552, "decode.loss_ce": 0.4788359433412552, "decode.acc_seg": 83.52157592773438, "time": 0.8401453971862793, "iter": 100, "memory": 19671, "step": 100}
{"base_lr": 0.000499664732289072, "lr": 0.000499664732289072, "data_time": 0.007474088668823242, "loss": 0.4040499567985535, "decode.loss_ce": 0.4040499567985535, "decode.acc_seg": 84.17298126220703, "time": 0.8398326396942138, "iter": 150, "memory": 19672, "step": 150}
{"base_lr": 0.0004995522193440423, "lr": 0.0004995522193440423, "data_time": 0.007573151588439941, "loss": 0.36178655475378035, "decode.loss_ce": 0.36178655475378035, "decode.acc_seg": 88.22811126708984, "time": 0.8397250175476074, "iter": 200, "memory": 19671, "step": 200}
{"base_lr": 0.0004994397028785276, "lr": 0.0004994397028785276, "data_time": 0.007446742057800293, "loss": 0.392253515124321, "decode.loss_ce": 0.392253515124321, "decode.acc_seg": 88.48467254638672, "time": 0.8415889024734498, "iter": 250, "memory": 19672, "step": 250}
{"base_lr": 0.000499327182891315, "lr": 0.000499327182891315, "data_time": 0.00755157470703125, "loss": 0.44703409969806673, "decode.loss_ce": 0.44703409969806673, "decode.acc_seg": 84.21117401123047, "time": 0.8412348985671997, "iter": 300, "memory": 19671, "step": 300}
{"base_lr": 0.0004992146593811923, "lr": 0.0004992146593811923, "data_time": 0.00737466812133789, "loss": 0.36542452275753023, "decode.loss_ce": 0.36542452275753023, "decode.acc_seg": 80.2685775756836, "time": 0.8402862548828125, "iter": 350, "memory": 19671, "step": 350}
{"base_lr": 0.0004991021323469467, "lr": 0.0004991021323469467, "data_time": 0.007387495040893555, "loss": 0.37656245827674867, "decode.loss_ce": 0.37656245827674867, "decode.acc_seg": 83.10179138183594, "time": 0.8416865825653076, "iter": 400, "memory": 19671, "step": 400}
{"base_lr": 0.000498989601787362, "lr": 0.000498989601787362, "data_time": 0.00717010498046875, "loss": 0.3691622644662857, "decode.loss_ce": 0.3691622644662857, "decode.acc_seg": 90.95861053466797, "time": 0.8423816919326782, "iter": 450, "memory": 19671, "step": 450}
{"base_lr": 0.0004988770677012235, "lr": 0.0004988770677012235, "data_time": 0.00738368034362793, "loss": 0.30889600366353986, "decode.loss_ce": 0.30889600366353986, "decode.acc_seg": 89.6022720336914, "time": 0.8419145822525025, "iter": 500, "memory": 19672, "step": 500}
{"base_lr": 0.0004987645300873156, "lr": 0.0004987645300873156, "data_time": 0.007967352867126465, "loss": 0.4328519344329834, "decode.loss_ce": 0.4328519344329834, "decode.acc_seg": 85.59554290771484, "time": 0.8430110931396484, "iter": 550, "memory": 19671, "step": 550}
{"base_lr": 0.000498651988944421, "lr": 0.000498651988944421, "data_time": 0.008078908920288086, "loss": 0.4148559033870697, "decode.loss_ce": 0.4148559033870697, "decode.acc_seg": 84.6849136352539, "time": 0.8434908866882325, "iter": 600, "memory": 19671, "step": 600}
{"base_lr": 0.0004985394442713226, "lr": 0.0004985394442713226, "data_time": 0.00808858871459961, "loss": 0.35669921040534974, "decode.loss_ce": 0.35669921040534974, "decode.acc_seg": 84.95933532714844, "time": 0.8436073064804077, "iter": 650, "memory": 19671, "step": 650}
{"base_lr": 0.0004984268960668015, "lr": 0.0004984268960668015, "data_time": 0.00782155990600586, "loss": 0.36125650107860563, "decode.loss_ce": 0.36125650107860563, "decode.acc_seg": 79.83308410644531, "time": 0.8426697015762329, "iter": 700, "memory": 19672, "step": 700}
{"base_lr": 0.0004983143443296383, "lr": 0.0004983143443296383, "data_time": 0.007831358909606933, "loss": 0.3719918727874756, "decode.loss_ce": 0.3719918727874756, "decode.acc_seg": 79.83724212646484, "time": 0.8433452606201172, "iter": 750, "memory": 19671, "step": 750}
{"base_lr": 0.0004982017890586134, "lr": 0.0004982017890586134, "data_time": 0.007797622680664062, "loss": 0.36733091771602633, "decode.loss_ce": 0.36733091771602633, "decode.acc_seg": 83.08390808105469, "time": 0.8423410177230835, "iter": 800, "memory": 19672, "step": 800}
{"base_lr": 0.0004980892302525051, "lr": 0.0004980892302525051, "data_time": 0.00797731876373291, "loss": 0.3271275594830513, "decode.loss_ce": 0.3271275594830513, "decode.acc_seg": 87.25384521484375, "time": 0.842223072052002, "iter": 850, "memory": 19671, "step": 850}
{"base_lr": 0.0004979766679100923, "lr": 0.0004979766679100923, "data_time": 0.007894802093505859, "loss": 0.3246365815401077, "decode.loss_ce": 0.3246365815401077, "decode.acc_seg": 87.84845733642578, "time": 0.8424620151519775, "iter": 900, "memory": 19671, "step": 900}
{"base_lr": 0.0004978641020301524, "lr": 0.0004978641020301524, "data_time": 0.00802304744720459, "loss": 0.35785759538412093, "decode.loss_ce": 0.35785759538412093, "decode.acc_seg": 84.91439056396484, "time": 0.8424747943878174, "iter": 950, "memory": 19672, "step": 950}
{"base_lr": 0.000497751532611462, "lr": 0.000497751532611462, "data_time": 0.007889533042907714, "loss": 0.3232713550329208, "decode.loss_ce": 0.3232713550329208, "decode.acc_seg": 82.41142272949219, "time": 0.8423569440841675, "iter": 1000, "memory": 19671, "step": 1000}
{"base_lr": 0.0004976389596527969, "lr": 0.0004976389596527969, "data_time": 0.007895946502685547, "loss": 0.377778622508049, "decode.loss_ce": 0.377778622508049, "decode.acc_seg": 88.12294006347656, "time": 0.8426175355911255, "iter": 1050, "memory": 19672, "step": 1050}
{"base_lr": 0.0004975263831529326, "lr": 0.0004975263831529326, "data_time": 0.007870769500732422, "loss": 0.40786337554454805, "decode.loss_ce": 0.40786337554454805, "decode.acc_seg": 80.62118530273438, "time": 0.8432522773742676, "iter": 1100, "memory": 19671, "step": 1100}
{"base_lr": 0.000497413803110643, "lr": 0.000497413803110643, "data_time": 0.0077435016632080075, "loss": 0.3927769631147385, "decode.loss_ce": 0.3927769631147385, "decode.acc_seg": 86.62598419189453, "time": 0.8424562454223633, "iter": 1150, "memory": 19672, "step": 1150}
{"base_lr": 0.0004973012195247014, "lr": 0.0004973012195247014, "data_time": 0.00807359218597412, "loss": 0.3989683657884598, "decode.loss_ce": 0.3989683657884598, "decode.acc_seg": 85.8845443725586, "time": 0.8431112051010132, "iter": 1200, "memory": 19671, "step": 1200}
{"base_lr": 0.0004971886323938809, "lr": 0.0004971886323938809, "data_time": 0.007999849319458009, "loss": 0.33702344000339507, "decode.loss_ce": 0.33702344000339507, "decode.acc_seg": 88.89602661132812, "time": 0.8425934076309204, "iter": 1250, "memory": 19671, "step": 1250}
{"base_lr": 0.0004970760417169532, "lr": 0.0004970760417169532, "data_time": 0.007949447631835938, "loss": 0.29137822389602663, "decode.loss_ce": 0.29137822389602663, "decode.acc_seg": 90.19308471679688, "time": 0.842607855796814, "iter": 1300, "memory": 19672, "step": 1300}
{"base_lr": 0.0004969634474926891, "lr": 0.0004969634474926891, "data_time": 0.008139681816101075, "loss": 0.4018531858921051, "decode.loss_ce": 0.4018531858921051, "decode.acc_seg": 81.12248229980469, "time": 0.8418676614761352, "iter": 1350, "memory": 19671, "step": 1350}
{"base_lr": 0.0004968508497198592, "lr": 0.0004968508497198592, "data_time": 0.007946419715881347, "loss": 0.3440230906009674, "decode.loss_ce": 0.3440230906009674, "decode.acc_seg": 89.5401611328125, "time": 0.8427470684051513, "iter": 1400, "memory": 19671, "step": 1400}
{"base_lr": 0.0004967382483972327, "lr": 0.0004967382483972327, "data_time": 0.007834434509277344, "loss": 0.36955702900886533, "decode.loss_ce": 0.36955702900886533, "decode.acc_seg": 80.28829193115234, "time": 0.8415061235427856, "iter": 1450, "memory": 19672, "step": 1450}
{"base_lr": 0.0004966256435235782, "lr": 0.0004966256435235782,