{"lr": 0.0001, "data_time": 2.7517717599868776, "loss": 0.9752726197242737, "decode.loss_dice": 0.38619260489940643, "decode.loss_iou": 0.5890800058841705, "decode.acc_seg": 100.0, "time": 2.8886356115341187, "iter": 50, "memory": 18834, "step": 50}
{"lr": 0.0001, "data_time": 3.0024141311645507, "loss": 0.9546484231948853, "decode.loss_dice": 0.3756445348262787, "decode.loss_iou": 0.5790038883686066, "decode.acc_seg": 99.99999237060547, "time": 3.1398645401000977, "iter": 100, "memory": 4559, "step": 100}
{"lr": 0.0001, "data_time": 3.6862676620483397, "loss": 0.9740385949611664, "decode.loss_dice": 0.385459366440773, "decode.loss_iou": 0.5885792374610901, "decode.acc_seg": 100.0, "time": 3.822644329071045, "iter": 150, "memory": 4559, "step": 150}
{"lr": 0.0001, "data_time": 2.225733923912048, "loss": 0.961083072423935, "decode.loss_dice": 0.37881099581718447, "decode.loss_iou": 0.5822720766067505, "decode.acc_seg": 100.0, "time": 2.359825110435486, "iter": 200, "memory": 4559, "step": 200}
{"lr": 0.0001, "data_time": 3.382279109954834, "loss": 0.9657041251659393, "decode.loss_dice": 0.3810833036899567, "decode.loss_iou": 0.5846208214759827, "decode.acc_seg": 100.0, "time": 3.517301917076111, "iter": 250, "memory": 4559, "step": 250}
{"aAcc": 98.2, "mIoU": 3.16, "mAcc": 98.2, "mFscore": 5.47, "mPrecision": 3.17, "mRecall": 98.2, "data_time": 0.4707556274848256, "time": 0.5091376634148078, "step": 275}
{"lr": 0.0001, "data_time": 2.636538195610046, "loss": 0.9648208558559418, "decode.loss_dice": 0.3805237114429474, "decode.loss_iou": 0.5842971444129944, "decode.acc_seg": 100.0, "time": 2.771663045883179, "iter": 300, "memory": 4560, "step": 300}
{"lr": 0.0001, "data_time": 2.479161024093628, "loss": 0.9664980888366699, "decode.loss_dice": 0.3816588997840881, "decode.loss_iou": 0.5848391830921174, "decode.acc_seg": 100.0, "time": 2.6138399124145506, "iter": 350, "memory": 4560, "step": 350}
{"lr": 0.0001, "data_time": 3.076369071006775, "loss": 0.9701492547988891, "decode.loss_dice": 0.3833527147769928, "decode.loss_iou": 0.5867965340614318, "decode.acc_seg": 100.0, "time": 3.2108629941940308, "iter": 400, "memory": 4560, "step": 400}
{"lr": 0.0001, "data_time": 2.4470131635665893, "loss": 0.9496439456939697, "decode.loss_dice": 0.373074671626091, "decode.loss_iou": 0.576569277048111, "decode.acc_seg": 100.0, "time": 2.5811906099319457, "iter": 450, "memory": 4560, "step": 450}
{"lr": 0.0001, "data_time": 3.7740123748779295, "loss": 0.9660876810550689, "decode.loss_dice": 0.3811264425516129, "decode.loss_iou": 0.5849612295627594, "decode.acc_seg": 100.0, "time": 3.9087377548217774, "iter": 500, "memory": 4560, "step": 500}
{"lr": 0.0001, "data_time": 3.3900763750076295, "loss": 0.9627160429954529, "decode.loss_dice": 0.37945806980133057, "decode.loss_iou": 0.5832579672336579, "decode.acc_seg": 100.0, "time": 3.524738144874573, "iter": 550, "memory": 4560, "step": 550}
{"aAcc": 96.32, "mIoU": 3.95, "mAcc": 96.32, "mFscore": 6.73, "mPrecision": 3.97, "mRecall": 96.32, "data_time": 0.431838230565492, "time": 0.46420625732977866, "step": 550}
{"lr": 0.0001, "data_time": 2.7059312582015993, "loss": 0.9638106942176818, "decode.loss_dice": 0.37988201677799227, "decode.loss_iou": 0.5839286744594574, "decode.acc_seg": 100.0, "time": 2.8435293197631837, "iter": 600, "memory": 4560, "step": 600}
{"lr": 0.0001, "data_time": 2.5443022727966307, "loss": 0.9135473370552063, "decode.loss_dice": 0.3549304097890854, "decode.loss_iou": 0.5586169362068176, "decode.acc_seg": 99.99999237060547, "time": 2.6808589696884155, "iter": 650, "memory": 4560, "step": 650}
{"lr": 0.0001, "data_time": 3.365456533432007, "loss": 0.9631900489330292, "decode.loss_dice": 0.37977737188339233, "decode.loss_iou": 0.5834126770496368, "decode.acc_seg": 100.0, "time": 3.5023985862731934, "iter": 700, "memory": 4560, "step": 700}
{"lr": 0.0001, "data_time": 2.739878845214844, "loss": 0.9395530939102172, "decode.loss_dice": 0.36815319359302523, "decode.loss_iou": 0.5713998973369598, "decode.acc_seg": 100.0, "time": 2.8768015146255492, "iter": 750, "memory": 4560, "step": 750}
{"lr": 0.0001, "data_time": 3.5071223974227905, "loss": 0.949956727027893, "decode.loss_dice": 0.3730135053396225, "decode.loss_iou": 0.5769432187080383, "decode.acc_seg": 100.0, "time": 3.643810820579529, "iter": 800, "memory": 4560, "step": 800}
{"aAcc": 93.36, "mIoU": 4.61, "mAcc": 93.36, "mFscore": 7.76, "mPrecision": 4.71, "mRecall": 93.36, "data_time": 0.4572034152413187, "time": 0.4893154596027575, "step": 825}
{"lr": 0.0001, "data_time": 3.01306893825531, "loss": 0.9328707814216614, "decode.loss_dice": 0.3644571453332901, "decode.loss_iou": 0.5684136271476745, "decode.acc_seg": 100.0, "time": 3.1500919580459597, "iter": 850, "memory": 4560, "step": 850}
{"lr": 0.0001, "data_time": 2.7475616931915283, "loss": 0.9560620307922363, "decode.loss_dice": 0.3762699723243713, "decode.loss_iou": 0.579792058467865, "decode.acc_seg": 99.99999237060547, "time": 2.8844858169555665, "iter": 900, "memory": 4560, "step": 900}
{"lr": 0.0001, "data_time": 2.4760605573654173, "loss": 0.9366802752017975, "decode.loss_dice": 0.3658049404621124, "decode.loss_iou": 0.5708753287792205, "decode.acc_seg": 100.0, "time": 2.6129045486450195, "iter": 950, "memory": 4560, "step": 950}
{"lr": 0.0001, "data_time": 3.3569955587387086, "loss": 0.9326111137866974, "decode.loss_dice": 0.36431813836097715, "decode.loss_iou": 0.5682929813861847, "decode.acc_seg": 100.0, "time": 3.49397668838501, "iter": 1000, "memory": 4560, "step": 1000}
{"lr": 0.0001, "data_time": 2.742085075378418, "loss": 0.9316600799560547, "decode.loss_dice": 0.36374448239803314, "decode.loss_iou": 0.5679156005382537, "decode.acc_seg": 100.00000762939453, "time": 2.878515887260437, "iter": 1050, "memory": 4560, "step": 1050}
{"lr": 0.0001, "data_time": 2.988450527191162, "loss": 0.9351598799228669, "decode.loss_dice": 0.36585313379764556, "decode.loss_iou": 0.5693067312240601, "decode.acc_seg": 100.0, "time": 3.1252459049224854, "iter": 1100, "memory": 4560, "step": 1100}
{"aAcc": 83.77, "mIoU": 5.46, "mAcc": 83.77, "mFscore": 9.06, "mPrecision": 5.6, "mRecall": 83.77, "data_time": 0.42381407857423853, "time": 0.4556286518390362, "step": 1100}
{"lr": 0.0001, "data_time": 3.48607919216156, "loss": 0.9266675591468811, "decode.loss_dice": 0.3611751139163971, "decode.loss_iou": 0.565492445230484, "decode.acc_seg": 100.0, "time": 3.622847557067871, "iter": 1150, "memory": 4560, "step": 1150}
{"lr": 0.0001, "data_time": 2.9477386474609375, "loss": 0.9244745910167694, "decode.loss_dice": 0.36038496196269987, "decode.loss_iou": 0.5640896379947662, "decode.acc_seg": 100.0, "time": 3.0845568895339968, "iter": 1200, "memory": 4560, "step": 1200}
{"lr": 0.0001, "data_time": 3.6062014579772947, "loss": 0.9302156090736389, "decode.loss_dice": 0.36245318353176115, "decode.loss_iou": 0.5677624225616456, "decode.acc_seg": 100.0, "time": 3.7422603607177733, "iter": 1250, "memory": 4560, "step": 1250}
{"lr": 0.0001, "data_time": 1.9730313777923585, "loss": 0.9181845128536225, "decode.loss_dice": 0.3565113842487335, "decode.loss_iou": 0.5616731286048889, "decode.acc_seg": 100.0, "time": 2.1093710899353026, "iter": 1300, "memory": 4560, "step": 1300}
{"lr": 0.0001, "data_time": 3.251055955886841, "loss": 0.9131645798683167, "decode.loss_dice": 0.354178449511528, "decode.loss_iou": 0.5589861333370209, "decode.acc_seg": 100.0, "time": 3.3874488353729246, "iter": 1350, "memory": 4560, "step": 1350}
{"aAcc": 66.83, "mIoU": 6.62, "mAcc": 66.83, "mFscore": 11.19, "mPrecision": 7.52, "mRecall": 66.83, "data_time": 0.42971058895713404, "time": 0.46099317894290814, "step": 1375}
{"lr": 0.0001, "data_time": 3.871744728088379, "loss": 0.9312396466732025, "decode.loss_dice": 0.3624681353569031, "decode.loss_iou": 0.568771505355835, "decode.acc_seg": 100.0, "time": 4.008352279663086, "iter": 1400, "memory": 4560, "step": 1400}
{"lr": 0.0001, "data_time": 2.996423602104187, "loss": 0.9340674579143524,