{"base_lr": 0.0004998897476225205, "lr": 0.0004998897476225205, "data_time": 0.011790227890014649, "loss": 3.7054237127304077, "decode.loss_ce": 3.7054237127304077, "decode.acc_seg": 26.327404022216797, "time": 1.7370654344558716, "iter": 50, "memory": 41159, "step": 50}
{"base_lr": 0.0004997772417148277, "lr": 0.0004997772417148277, "data_time": 0.012001276016235352, "loss": 3.5446825981140138, "decode.loss_ce": 3.5446825981140138, "decode.acc_seg": 19.567264556884766, "time": 1.7395142316818237, "iter": 100, "memory": 41158, "step": 100}
{"base_lr": 0.000499664732289072, "lr": 0.000499664732289072, "data_time": 0.011857914924621581, "loss": 3.416440010070801, "decode.loss_ce": 3.416440010070801, "decode.acc_seg": 29.5817813873291, "time": 1.7396345376968383, "iter": 150, "memory": 41158, "step": 150}
{"base_lr": 0.0004995522193440423, "lr": 0.0004995522193440423, "data_time": 0.010917139053344727, "loss": 2.8543359279632567, "decode.loss_ce": 2.8543359279632567, "decode.acc_seg": 29.8881778717041, "time": 1.755710196495056, "iter": 200, "memory": 41159, "step": 200}
{"base_lr": 0.0004994397028785276, "lr": 0.0004994397028785276, "data_time": 0.011150121688842773, "loss": 2.7307673931121825, "decode.loss_ce": 2.7307673931121825, "decode.acc_seg": 32.26392364501953, "time": 1.7593750953674316, "iter": 250, "memory": 41159, "step": 250}
{"base_lr": 0.000499327182891315, "lr": 0.000499327182891315, "data_time": 0.011086058616638184, "loss": 2.810567831993103, "decode.loss_ce": 2.810567831993103, "decode.acc_seg": 26.022844314575195, "time": 1.759418249130249, "iter": 300, "memory": 41158, "step": 300}
{"base_lr": 0.0004992146593811923, "lr": 0.0004992146593811923, "data_time": 0.011805891990661621, "loss": 2.7659421443939207, "decode.loss_ce": 2.7659421443939207, "decode.acc_seg": 16.08700180053711, "time": 1.7595344305038452, "iter": 350, "memory": 41159, "step": 350}
