{"base_lr": 0.0001, "lr": 0.0001, "data_time": 7.239709973335266, "loss": 0.09555640108883381, "decode.loss_ce": 0.09555640108883381, "decode.acc_seg": 98.03905487060547, "time": 7.89244921207428, "iter": 50, "memory": 18376, "step": 50}
{"base_lr": 0.0001, "lr": 0.0001, "data_time": 4.701559090614319, "loss": 0.06629066281020642, "decode.loss_ce": 0.06629066281020642, "decode.acc_seg": 98.58064270019531, "time": 5.354149627685547, "iter": 100, "memory": 15297, "step": 100}
{"aAcc": 0.0, "mIoU": 0.0, "mAcc": 0.0, "mFscore": 0.0, "mPrecision": 0.0, "mRecall": 0.0, "mCE": 0.06693945825099945, "data_time": 1.91949446739689, "time": 2.1230524047728507, "step": 138}
{"base_lr": 0.0001, "lr": 0.0001, "data_time": 2.1207260370254515, "loss": 0.05847228690981865, "decode.loss_ce": 0.05847228690981865, "decode.acc_seg": 98.36968994140625, "time": 2.7720651388168336, "iter": 150, "memory": 15297, "step": 150}
