{"base_lr": 0.000999751932150666, "lr": 0.000999751932150666, "data_time": 0.009801340103149415, "loss": 5.722685050964356, "decode.loss_ce": 2.531408405303955, "decode.acc_seg": 38.4033317565918, "aux_0.loss_ce": 1.0810863971710205, "aux_0.acc_seg": 35.12790298461914, "aux_1.loss_ce": 1.0544534206390381, "aux_1.acc_seg": 37.433082580566406, "aux_2.loss_ce": 1.055736768245697, "aux_2.acc_seg": 37.74742889404297, "time": 1.1304694652557372, "iter": 50, "memory": 26464, "step": 50}
{"base_lr": 0.000999498793858351, "lr": 0.000999498793858351, "data_time": 0.009744715690612794, "loss": 4.949478483200073, "decode.loss_ce": 2.1964267015457155, "decode.acc_seg": 39.439788818359375, "aux_0.loss_ce": 0.9505809843540192, "aux_0.acc_seg": 32.00447082519531, "aux_1.loss_ce": 0.8924584865570069, "aux_1.acc_seg": 40.768978118896484, "aux_2.loss_ce": 0.9100122690200806, "aux_2.acc_seg": 32.8180046081543, "time": 1.137746477127075, "iter": 100, "memory": 26464, "step": 100}
{"base_lr": 0.0009992456476503946, "lr": 0.0009992456476503946, "data_time": 0.009448814392089843, "loss": 5.074158549308777, "decode.loss_ce": 2.266664004325867, "decode.acc_seg": 28.418224334716797, "aux_0.loss_ce": 0.9468582272529602, "aux_0.acc_seg": 44.3046875, "aux_1.loss_ce": 0.9303925633430481, "aux_1.acc_seg": 36.28608322143555, "aux_2.loss_ce": 0.9302437126636505, "aux_2.acc_seg": 36.06230163574219, "time": 1.1404932498931886, "iter": 150, "memory": 26464, "step": 150}
{"base_lr": 0.0009989924935240714, "lr": 0.0009989924935240714, "data_time": 0.009670901298522949, "loss": 4.629580402374268, "decode.loss_ce": 2.0466089606285096, "decode.acc_seg": 72.1163558959961, "aux_0.loss_ce": 0.9068112432956695, "aux_0.acc_seg": 74.1875, "aux_1.loss_ce": 0.8380427718162536, "aux_1.acc_seg": 73.68958282470703, "aux_2.loss_ce": 0.8381174355745316, "aux_2.acc_seg": 76.63124084472656, "time": 1.1452762842178346, "iter": 200, "memory": 26464, "step": 200}
{"base_lr": 0.0009987393314766584, "lr": 0.0009987393314766584, "data_time": 0.008690905570983887, "loss": 3.9646068572998048, "decode.loss_ce": 1.755111074447632, "decode.acc_seg": 49.74013900756836, "aux_0.loss_ce": 0.7742697775363923, "aux_0.acc_seg": 51.38599395751953, "aux_1.loss_ce": 0.7171723172068596, "aux_1.acc_seg": 50.81016159057617, "aux_2.loss_ce": 0.7180536359548568, "aux_2.acc_seg": 50.298011779785156, "time": 1.1400557518005372, "iter": 250, "memory": 26464, "step": 250}
