{"base_lr": 0.000999751932150666, "lr": 0.000999751932150666, "data_time": 0.020525360107421876, "loss": 3.327074956893921, "decode.loss_ce": 3.327074956893921, "decode.acc_seg": 0.4480004906654358, "time": 0.41031029224395754, "iter": 50, "memory": 4855, "step": 50}
{"base_lr": 0.000999498793858351, "lr": 0.000999498793858351, "data_time": 0.026636505126953126, "loss": 3.6394553661346434, "decode.loss_ce": 3.6394553661346434, "decode.acc_seg": 4.567633077323663e-11, "time": 0.2298762559890747, "iter": 100, "memory": 3838, "step": 100}
{"base_lr": 0.0009992456476503946, "lr": 0.0009992456476503946, "data_time": 0.026160502433776857, "loss": 3.292289662361145, "decode.loss_ce": 3.292289662361145, "decode.acc_seg": 4.881705109593959e-11, "time": 0.21836812496185304, "iter": 150, "memory": 4695, "step": 150}
