{"base_lr": 0.000999751932150666, "lr": 0.000999751932150666, "data_time": 0.002511119842529297, "loss": 5.676899313926697, "decode.loss_ce": 2.5635100960731507, "decode.acc_seg": 0.49196797609329224, "aux_0.loss_ce": 1.0289086610078813, "aux_0.acc_seg": 50.034454345703125, "aux_1.loss_ce": 1.0420707195997239, "aux_1.acc_seg": 45.445831298828125, "aux_2.loss_ce": 1.0424098312854766, "aux_2.acc_seg": 45.92394256591797, "time": 0.4591700553894043, "iter": 50, "memory": 4932, "step": 50}
{"base_lr": 0.000999498793858351, "lr": 0.000999498793858351, "data_time": 0.0030583620071411135, "loss": 8.400815486907959, "decode.loss_ce": 3.9009283781051636, "decode.acc_seg": 4.7102842459789684e-11, "aux_0.loss_ce": 1.4999804735183715, "aux_0.acc_seg": 12.577692031860352, "aux_1.loss_ce": 1.5052688121795654, "aux_1.acc_seg": 15.713027000427246, "aux_2.loss_ce": 1.494637930393219, "aux_2.acc_seg": 15.429325103759766, "time": 0.46109867095947266, "iter": 100, "memory": 4932, "step": 100}
{"base_lr": 0.0009992456476503946, "lr": 0.0009992456476503946, "data_time": 0.0025018930435180666, "loss": 6.53286509513855, "decode.loss_ce": 3.008022356033325, "decode.acc_seg": 4.5564423761801365e-11, "aux_0.loss_ce": 1.1697993755340577, "aux_0.acc_seg": 4.5564423761801365e-11, "aux_1.loss_ce": 1.1871159851551056, "aux_1.acc_seg": 4.5564423761801365e-11, "aux_2.loss_ce": 1.16792733669281, "aux_2.acc_seg": 4.5564423761801365e-11, "time": 0.4607738494873047, "iter": 150, "memory": 4932, "step": 150}
{"base_lr": 0.0009989924935240714, "lr": 0.0009989924935240714, "data_time": 0.003597879409790039, "loss": 6.07081708908081, "decode.loss_ce": 2.7688330173492433, "decode.acc_seg": 32.99221420288086, "aux_0.loss_ce": 1.0958968460559846, "aux_0.acc_seg": 32.64177703857422, "aux_1.loss_ce": 1.1009003132581712, "aux_1.acc_seg": 33.356998443603516, "aux_2.loss_ce": 1.1051867812871934, "aux_2.acc_seg": 34.35921096801758, "time": 0.46467816829681396, "iter": 200, "memory": 4932, "step": 200}
{"base_lr": 0.0009987393314766584, "lr": 0.0009987393314766584, "data_time": 0.0033420562744140626, "loss": 7.587615203857422, "decode.loss_ce": 3.4595821142196654, "decode.acc_seg": 54.71217346191406, "aux_0.loss_ce": 1.3766083002090455, "aux_0.acc_seg": 53.87744140625, "aux_1.loss_ce": 1.3715158581733704, "aux_1.acc_seg": 51.248165130615234, "aux_2.loss_ce": 1.3799089252948762, "aux_2.acc_seg": 54.05624771118164, "time": 0.4624675750732422, "iter": 250, "memory": 4932, "step": 250}
{"base_lr": 0.0009984861615054243, "lr": 0.0009984861615054243, "data_time": 0.0035036325454711912, "loss": 6.519747304916382, "decode.loss_ce": 2.9619640707969666, "decode.acc_seg": 12.143692970275879, "aux_0.loss_ce": 1.1911746621131898, "aux_0.acc_seg": 4.518065929412842, "aux_1.loss_ce": 1.1804594069719314, "aux_1.acc_seg": 4.395256996154785, "aux_2.loss_ce": 1.1861490935087204, "aux_2.acc_seg": 4.87571907043457, "time": 0.4660471200942993, "iter": 300, "memory": 4932, "step": 300}
