{"lr": 0.0001, "data_time": 0.0016939163208007813, "loss": 1.3818706631660462, "decode.loss_dice": 0.9870326340198516, "decode.acc_seg": 100.0, "aux.loss_dice": 0.3948380261659622, "aux.acc_seg": 100.0, "time": 0.4324312925338745, "iter": 50, "memory": 4663, "step": 50}
{"lr": 0.0001, "data_time": 0.0017023801803588868, "loss": 1.385852873325348, "decode.loss_dice": 0.9898689448833465, "decode.acc_seg": 100.0, "aux.loss_dice": 0.3959839344024658, "aux.acc_seg": 100.0, "time": 0.43180623054504397, "iter": 100, "memory": 4512, "step": 100}
{"aAcc": 0.0, "mIoU": 0.0, "mAcc": 0.0, "data_time": 0.007758298540503029, "time": 0.15086168777651904, "step": 100}
