{"lr": 0.009997271253657354, "data_time": 0.002315783500671387, "loss": 0.10181855820119382, "decode.loss_dice": 0.052467428427189586, "decode.acc_seg": 98.76716613769531, "aux.loss_dice": 0.04935112996026873, "aux.acc_seg": 98.76716613769531, "time": 0.43299877643585205, "iter": 50, "memory": 4663, "step": 50}
{"lr": 0.00999448673244192, "data_time": 0.002445554733276367, "loss": 0.019627010845579208, "decode.loss_dice": 0.010129671113099903, "decode.acc_seg": 99.85242462158203, "aux.loss_dice": 0.009497339895460755, "aux.acc_seg": 99.85242462158203, "time": 0.4333202838897705, "iter": 100, "memory": 4513, "step": 100}
{"aAcc": 1.4, "mIoU": 0.7, "mAcc": 50.0, "data_time": 0.009576829468331686, "time": 0.17761685887003334, "step": 100}
