{"aAcc": 80.86, "mIoU": 42.8, "mAcc": 55.02, "data_time": 0.0015467506647109984, "time": 0.282416374206543}