{"base_lr": 0.000999751932150666, "lr": 0.000999751932150666, "data_time": 0.0021720170974731446, "loss": 3.271786856651306, "decode.loss_ce": 3.271786856651306, "decode.acc_seg": 9.304614067077637, "time": 0.2991763114929199, "iter": 50, "memory": 3484, "step": 50}
