{"base_lr": 0.0001, "lr": 0.0001, "data_time": 1.3429273128509522, "loss": 0.08291290439665318, "decode.loss_ce": 0.08291290439665318, "decode.acc_seg": 99.01533508300781, "time": 2.869952917098999, "iter": 50, "memory": 36001, "step": 50}
{"base_lr": 0.0001, "lr": 0.0001, "data_time": 2.1459221839904785, "loss": 0.08044036626815795, "decode.loss_ce": 0.08044036626815795, "decode.acc_seg": 96.2473373413086, "time": 3.674189805984497, "iter": 100, "memory": 36001, "step": 100}
{"base_lr": 0.0001, "lr": 0.0001, "data_time": 1.2868819952011108, "loss": 0.10569394808262586, "decode.loss_ce": 0.10569394808262586, "decode.acc_seg": 98.22650146484375, "time": 2.817179822921753, "iter": 150, "memory": 36001, "step": 150}
{"base_lr": 0.0001, "lr": 0.0001, "data_time": 1.9649943828582763, "loss": 0.06571778766810894, "decode.loss_ce": 0.06571778766810894, "decode.acc_seg": 98.73519134521484, "time": 3.4949654579162597, "iter": 200, "memory": 36001, "step": 200}
{"base_lr": 0.0001, "lr": 0.0001, "data_time": 2.044693040847778, "loss": 0.08061117567121982, "decode.loss_ce": 0.08061117567121982, "decode.acc_seg": 99.33104705810547, "time": 3.5743994235992433, "iter": 250, "memory": 36001, "step": 250}
{"aAcc": 0.0, "mIoU": 0.0, "mAcc": 0.0, "mFscore": 0.0, "mPrecision": 0.0, "mRecall": 0.0, "mCE": 0.06895681470632553, "data_time": 1.5753899966516802, "time": 1.970015456599574, "step": 276}
{"base_lr": 0.0001, "lr": 0.0001, "data_time": 1.533594799041748, "loss": 0.08911604955792427, "decode.loss_ce": 0.08911604955792427, "decode.acc_seg": 99.00641632080078, "time": 3.0617908954620363, "iter": 300, "memory": 36001, "step": 300}
{"base_lr": 0.0001, "lr": 0.0001, "data_time": 1.820241594314575, "loss": 0.08966396413743496, "decode.loss_ce": 0.08966396413743496, "decode.acc_seg": 99.04499053955078, "time": 3.346691942214966, "iter": 350, "memory": 36001, "step": 350}
{"base_lr": 0.0001, "lr": 0.0001, "data_time": 2.238653326034546, "loss": 0.07652993053197861, "decode.loss_ce": 0.07652993053197861, "decode.acc_seg": 99.462890625, "time": 3.7661919593811035, "iter": 400, "memory": 36001, "step": 400}
{"base_lr": 0.0001, "lr": 0.0001, "data_time": 1.2294101953506469, "loss": 0.05906381458044052, "decode.loss_ce": 0.05906381458044052, "decode.acc_seg": 98.64659118652344, "time": 2.7580137729644774, "iter": 450, "memory": 36001, "step": 450}
{"base_lr": 0.0001, "lr": 0.0001, "data_time": 2.2608312606811523, "loss": 0.1026347417384386, "decode.loss_ce": 0.1026347417384386, "decode.acc_seg": 89.87102508544922, "time": 3.790623593330383, "iter": 500, "memory": 36001, "step": 500}
{"base_lr": 0.0001, "lr": 0.0001, "data_time": 1.5568650722503663, "loss": 0.09918833896517754, "decode.loss_ce": 0.09918833896517754, "decode.acc_seg": 98.46124267578125, "time": 3.08505003452301, "iter": 550, "memory": 36001, "step": 550}
{"aAcc": 0.0, "mIoU": 0.0, "mAcc": 0.0, "mFscore": 0.0, "mPrecision": 0.0, "mRecall": 0.0, "mCE": 0.07141391187906265, "data_time": 1.4958717103988406, "time": 1.865311721014598, "step": 552}
