{"base_lr": 0.0049986494083758635, "lr": 0.0049986494083758635, "data_time": 0.008898568153381348, "loss": 0.5971598774194717, "decode.loss_ce": 0.5578657954931259, "decode.acc_seg": 65.16927337646484, "aux_0.loss_ce": 0.013089346094056964, "aux_0.acc_seg": 98.08718872070312, "aux_1.loss_ce": 0.012637252500280739, "aux_1.acc_seg": 98.08718872070312, "aux_2.loss_ce": 0.013567478768527508, "aux_2.acc_seg": 98.08718872070312, "time": 0.895084023475647, "iter": 50, "memory": 23301, "step": 50}
{"base_lr": 0.004997271211006612, "lr": 0.004997271211006612, "data_time": 0.008848977088928223, "loss": 0.4838909149169922, "decode.loss_ce": 0.4499415934085846, "decode.acc_seg": 85.4934310913086, "aux_0.loss_ce": 0.01151985339820385, "aux_0.acc_seg": 99.48167419433594, "aux_1.loss_ce": 0.011105960793793201, "aux_1.acc_seg": 99.48167419433594, "aux_2.loss_ce": 0.011323508573696017, "aux_2.acc_seg": 99.48167419433594, "time": 0.8977221488952637, "iter": 100, "memory": 22586, "step": 100}
{"base_lr": 0.004995892970541086, "lr": 0.004995892970541086, "data_time": 0.008394885063171386, "loss": 0.5463309437036514, "decode.loss_ce": 0.48955538868904114, "decode.acc_seg": 70.23941040039062, "aux_0.loss_ce": 0.018785591656342148, "aux_0.acc_seg": 99.12007141113281, "aux_1.loss_ce": 0.019006858579814434, "aux_1.acc_seg": 99.12007141113281, "aux_2.loss_ce": 0.018983105570077895, "aux_2.acc_seg": 99.12007141113281, "time": 0.8987500429153442, "iter": 150, "memory": 22586, "step": 150}
