{"base_lr": 0.000999751932150666, "lr": 0.000999751932150666, "data_time": 0.003806471824645996, "loss": 3.0497876524925234, "decode.loss_ce": 3.0497876524925234, "decode.acc_seg": 4.318451881408691, "time": 0.33990182876586916, "iter": 50, "memory": 4329, "step": 50}
{"base_lr": 0.000999498793858351, "lr": 0.000999498793858351, "data_time": 0.0035848379135131835, "loss": 3.379025602340698, "decode.loss_ce": 3.379025602340698, "decode.acc_seg": 6.415842056274414, "time": 0.3406598329544067, "iter": 100, "memory": 4329, "step": 100}
{"base_lr": 0.0009992456476503946, "lr": 0.0009992456476503946, "data_time": 0.0035273551940917967, "loss": 3.326982569694519, "decode.loss_ce": 3.326982569694519, "decode.acc_seg": 6.2659454345703125, "time": 0.3411956787109375, "iter": 150, "memory": 4329, "step": 150}
{"base_lr": 0.0009989924935240714, "lr": 0.0009989924935240714, "data_time": 0.0036881685256958006, "loss": 2.209556317329407, "decode.loss_ce": 2.209556317329407, "decode.acc_seg": 42.934051513671875, "time": 0.3416015625, "iter": 200, "memory": 4329, "step": 200}
