{"lr": 0.0001, "data_time": 4.083857798576355, "loss": 0.622984766960144, "decode.loss_ce": 0.622984766960144, "decode.acc_seg": 96.0968017578125, "time": 4.21817684173584, "iter": 50, "memory": 18834, "step": 50}
{"lr": 0.0001, "data_time": 3.267449069023132, "loss": 0.5671799063682557, "decode.loss_ce": 0.5671799063682557, "decode.acc_seg": 98.9919662475586, "time": 3.401810646057129, "iter": 100, "memory": 4439, "step": 100}
