{"base_lr": 0.000999751932150666, "lr": 0.000999751932150666, "data_time": 0.008845829963684082, "loss": 6.187408924102783, "decode.loss_ce": 2.771462070941925, "decode.acc_seg": 39.70771408081055, "aux_0.loss_ce": 1.1557546854019165, "aux_0.acc_seg": 33.20307922363281, "aux_1.loss_ce": 1.1401499569416047, "aux_1.acc_seg": 39.66791534423828, "aux_2.loss_ce": 1.120042073726654, "aux_2.acc_seg": 37.14548110961914, "time": 1.1358656644821168, "iter": 50, "memory": 26461, "step": 50}
{"base_lr": 0.000999498793858351, "lr": 0.000999498793858351, "data_time": 0.008788371086120605, "loss": 5.27892165184021, "decode.loss_ce": 2.3229619741439818, "decode.acc_seg": 37.42829895019531, "aux_0.loss_ce": 1.002188789844513, "aux_0.acc_seg": 38.47896957397461, "aux_1.loss_ce": 0.9744138360023499, "aux_1.acc_seg": 39.63661193847656, "aux_2.loss_ce": 0.9793570280075073, "aux_2.acc_seg": 38.76239013671875, "time": 1.1425914764404297, "iter": 100, "memory": 26460, "step": 100}
{"base_lr": 0.0009992456476503946, "lr": 0.0009992456476503946, "data_time": 0.008472490310668945, "loss": 4.880347561836243, "decode.loss_ce": 2.1731881141662597, "decode.acc_seg": 49.13585662841797, "aux_0.loss_ce": 0.9155251383781433, "aux_0.acc_seg": 48.838905334472656, "aux_1.loss_ce": 0.8869911193847656, "aux_1.acc_seg": 53.1068000793457, "aux_2.loss_ce": 0.9046430885791779, "aux_2.acc_seg": 52.9980354309082, "time": 1.1448319911956788, "iter": 150, "memory": 26461, "step": 150}
{"base_lr": 0.0009989924935240714, "lr": 0.0009989924935240714, "data_time": 0.008809828758239746, "loss": 4.250735139846801, "decode.loss_ce": 1.855130660533905, "decode.acc_seg": 53.99016571044922, "aux_0.loss_ce": 0.8397781878709794, "aux_0.acc_seg": 43.194793701171875, "aux_1.loss_ce": 0.7626196712255477, "aux_1.acc_seg": 51.96721649169922, "aux_2.loss_ce": 0.7932066112756729, "aux_2.acc_seg": 49.99854278564453, "time": 1.147414231300354, "iter": 200, "memory": 26461, "step": 200}
