{"lr": 0.0001, "data_time": 0.0024404525756835938, "loss": 0.38895025551319123, "decode.loss_dice": 0.18603143244981765, "decode.acc_seg": 98.18544006347656, "aux.loss_dice": 0.2029188185930252, "aux.acc_seg": 98.18544006347656, "time": 0.4322802543640137, "iter": 50, "memory": 4663, "step": 50}
{"lr": 0.0001, "data_time": 0.002295184135437012, "loss": 0.40490643084049227, "decode.loss_dice": 0.19559853076934813, "decode.acc_seg": 99.66767883300781, "aux.loss_dice": 0.20930790156126022, "aux.acc_seg": 99.66767883300781, "time": 0.432132363319397, "iter": 100, "memory": 4513, "step": 100}
{"aAcc": 1.4, "mIoU": 0.7, "mAcc": 50.0, "data_time": 0.009709247728673423, "time": 0.1756772122732023, "step": 100}
