{"Dice": [[[0.17581915855407715, 0.8286263346672058, 1.1464686393737793]]], "Focal": [[[-4387534.5, -46309496.0, -45604736.0]]], "IoU": [[[0.38564687967300415, 0.39050981402397156, 0.3767581880092621]]], "loss": [6468.7880859375], "avg_Dice": [[0.17581915855407715, 0.8286263346672058, 1.1464686393737793]], "avg_Focal": [[-4387534.5, -46309496.0, -45604736.0]], "avg_IoU": [[0.38564687967300415, 0.39050981402397156, 0.3767581880092621]], "avg_loss": 6468.7880859375}
