{"aAcc": 80.57, "mIoU": 44.28, "mAcc": 55.66, "data_time": 0.001667101502418518, "time": 0.346205500125885}