{"lr": 0.0001, "data_time": 0.061963868141174314, "loss": 0.9906956255435944, "decode.loss_dice": 0.9906956255435944, "decode.acc_seg": 100.0, "time": 0.1192624568939209, "iter": 50, "memory": 4764, "step": 50}
{"lr": 0.0001, "data_time": 0.06023786067962646, "loss": 0.9849624097347259, "decode.loss_dice": 0.9849624097347259, "decode.acc_seg": 100.0, "time": 0.11759140491485595, "iter": 100, "memory": 862, "step": 100}
{"lr": 0.0001, "data_time": 0.026274633407592774, "loss": 0.9571774899959564, "decode.loss_dice": 0.9571774899959564, "decode.acc_seg": 100.0, "time": 0.08370540142059327, "iter": 150, "memory": 862, "step": 150}
{"lr": 0.0001, "data_time": 0.044129371643066406, "loss": 0.9859307169914245, "decode.loss_dice": 0.9859307169914245, "decode.acc_seg": 100.0, "time": 0.10134363174438477, "iter": 200, "memory": 862, "step": 200}
