{"base_lr": 0.0004998897476225205, "lr": 0.0004998897476225205, "data_time": 0.0015856027603149414, "loss": 4.179042863845825, "decode.loss_ce": 4.179042863845825, "decode.acc_seg": 24.489912033081055, "time": 0.2077176809310913, "iter": 50, "memory": 4863, "step": 50}
